snapshot_utc,release_tag,asset_name,download_count
2026-08-10T05:46:00Z,v2023.1.0,objeck-linux-arm64_2023.1.0.tgz,9
2026-08-10T05:46:00Z,v2023.1.0,objeck-linux-x64_2023.1.0.tgz,11
2026-08-10T05:46:00Z,v2023.1.0,objeck-macos-arm64_2023.1.0.tgz,12
2026-08-10T05:46:00Z,v2023.1.0,objeck-macos-x64_2023.1.0.tgz,13
2026-08-10T05:46:00Z,v2023.1.0,objeck-windows-x64_2023.1.0.msi,13
2026-08-10T05:46:00Z,v2023.1.0,objeck-windows-x64_2023.1.0.zip,14
2026-08-10T05:46:00Z,v2023.1.0,readme.txt,6
2026-08-10T05:46:00Z,v2023.1.1,objeck-linux-x64_2023.1.1.tgz,11
2026-08-10T05:46:00Z,v2023.1.1,objeck-macos-arm64_2023.1.1.tgz,11
2026-08-10T05:46:00Z,v2023.1.1,objeck-macos-x64_2023.1.1.tgz,13
2026-08-10T05:46:00Z,v2023.1.1,objeck-windows-x64_2023.1.1.msi,15
2026-08-10T05:46:00Z,v2023.1.1,objeck-windows-x64_2023.1.1.zip,12
2026-08-10T05:46:00Z,v2023.1.1,readme.txt,7
2026-08-10T05:46:00Z,v2023.1.2,objeck-linux-arm64_2023.1.2.tgz,218
2026-08-10T05:46:00Z,v2023.1.2,objeck-linux-x64_2023.1.2.tgz,204
2026-08-10T05:46:00Z,v2023.1.2,objeck-macos-arm64_2023.1.2.tgz,216
2026-08-10T05:46:00Z,v2023.1.2,objeck-macos-x64_2023.1.2.tgz,145
2026-08-10T05:46:00Z,v2023.1.2,objeck-windows-x64_2023.1.2.msi,222
2026-08-10T05:46:00Z,v2023.1.2,objeck-windows-x64_2023.1.2.zip,206
2026-08-10T05:46:00Z,v2023.10.0,objeck-linux-arm64_2023.10.0.tgz,11
2026-08-10T05:46:00Z,v2023.10.0,objeck-linux-x64_2023.10.0.tgz,10
2026-08-10T05:46:00Z,v2023.10.0,objeck-macos-arm64_2023.10.0.tgz,10
2026-08-10T05:46:00Z,v2023.10.0,objeck-windows-x64_2023.10.0.msi,14
2026-08-10T05:46:00Z,v2023.10.0,objeck-windows-x64_2023.10.0.zip,13
2026-08-10T05:46:00Z,v2023.11.0,objeck-linux-arm64_0.0.0.tgz,14
2026-08-10T05:46:00Z,v2023.11.0,objeck-linux-x64_0.0.0.tgz,12
2026-08-10T05:46:00Z,v2023.11.0,objeck-macos-arm64_0.0.0.tgz,13
2026-08-10T05:46:00Z,v2023.11.0,objeck-windows-x64_0.0.0.msi,16
2026-08-10T05:46:00Z,v2023.11.0,objeck-windows-x64_0.0.0.zip,14
2026-08-10T05:46:00Z,v2023.11.1,objeck-linux-arm64_v2023.11.1.tgz,10
2026-08-10T05:46:00Z,v2023.11.1,objeck-linux-x64_v2023.11.1.tgz,11
2026-08-10T05:46:00Z,v2023.11.1,objeck-macos-arm64_v2023.11.1.tgz,11
2026-08-10T05:46:00Z,v2023.11.1,objeck-windows-x64_v2023.11.1.msi,13
2026-08-10T05:46:00Z,v2023.11.1,objeck-windows-x64_v2023.11.1.zip,14
2026-08-10T05:46:00Z,v2023.11.2,objeck-linux-arm64_v2023.11.2.tgz,10
2026-08-10T05:46:00Z,v2023.11.2,objeck-linux-x64_v2023.11.2.tgz,10
2026-08-10T05:46:00Z,v2023.11.2,objeck-macos-arm64_v2023.11.2.tgz,11
2026-08-10T05:46:00Z,v2023.11.2,objeck-windows-x64_v2023.11.2.msi,1521
2026-08-10T05:46:00Z,v2023.11.2,objeck-windows-x64_v2023.11.2.zip,18
2026-08-10T05:46:00Z,v2023.12.0,objeck-linux-arm64_2023.12.0.tgz,9
2026-08-10T05:46:00Z,v2023.12.0,objeck-linux-x64_2023.12.0.tgz,10
2026-08-10T05:46:00Z,v2023.12.0,objeck-macos-arm64_2023.12.0.tgz,9
2026-08-10T05:46:00Z,v2023.12.0,objeck-windows-x64_2023.12.0.msi,1397
2026-08-10T05:46:00Z,v2023.12.0,objeck-windows-x64_2023.12.0.zip,14
2026-08-10T05:46:00Z,v2023.2.0,objeck-linux-arm64_2023.2.0.tgz,11
2026-08-10T05:46:00Z,v2023.2.0,objeck-linux-x64_2023.2.0.tgz,9
2026-08-10T05:46:00Z,v2023.2.0,objeck-macos-arm64_2023.2.0.tgz,12
2026-08-10T05:46:00Z,v2023.2.0,objeck-macos-x64_2023.2.0.tgz,11
2026-08-10T05:46:00Z,v2023.2.0,objeck-windows-x64_2023.2.0.msi,15
2026-08-10T05:46:00Z,v2023.2.0,objeck-windows-x64_2023.2.0.zip,13
2026-08-10T05:46:00Z,v2023.2.1,objeck-linux-arm64_2023.2.1.tgz,10
2026-08-10T05:46:00Z,v2023.2.1,objeck-linux-x64_2023.2.1.tgz,11
2026-08-10T05:46:00Z,v2023.2.1,objeck-macos-arm64_2023.2.1.tgz,11
2026-08-10T05:46:00Z,v2023.2.1,objeck-macos-x64_2023.2.1.tgz,10
2026-08-10T05:46:00Z,v2023.2.1,objeck-windows-x64_2023.2.1.msi,12
2026-08-10T05:46:00Z,v2023.2.1,objeck-windows-x64_2023.2.1.zip,14
2026-08-10T05:46:00Z,v2023.2.2,objeck-linux-arm64_2023.2.2.tgz,10
2026-08-10T05:46:00Z,v2023.2.2,objeck-linux-x64_2023.2.2.tgz,12
2026-08-10T05:46:00Z,v2023.2.2,objeck-macos-arm64_2023.2.2.tgz,10
2026-08-10T05:46:00Z,v2023.2.2,objeck-macos-x64_2023.2.2.tgz,10
2026-08-10T05:46:00Z,v2023.2.2,objeck-windows-x64_2023.2.2.msi,14
2026-08-10T05:46:00Z,v2023.2.2,objeck-windows-x64_2023.2.2.zip,13
2026-08-10T05:46:00Z,v2023.2.3,objeck-linux-arm64_2023.2.3.tgz,14
2026-08-10T05:46:00Z,v2023.2.3,objeck-linux-x64_2023.2.3.tgz,15
2026-08-10T05:46:00Z,v2023.2.3,objeck-macos-arm64_2023.2.3.tgz,13
2026-08-10T05:46:00Z,v2023.2.3,objeck-macos-x64_2023.2.3.tgz,15
2026-08-10T05:46:00Z,v2023.2.3,objeck-windows-x64_2023.2.3.msi,14
2026-08-10T05:46:00Z,v2023.2.3,objeck-windows-x64_2023.2.3.zip,16
2026-08-10T05:46:00Z,v2023.3.0,objeck-linux-arm64_2023.3.0.tgz,6
2026-08-10T05:46:00Z,v2023.3.0,objeck-linux-x64_2023.3.0.tgz,8
2026-08-10T05:46:00Z,v2023.3.0,objeck-macos-arm64_2023.3.0.tgz,6
2026-08-10T05:46:00Z,v2023.3.0,objeck-macos-x64_2023.3.0.tgz,6
2026-08-10T05:46:00Z,v2023.3.0,objeck-windows-x64_2023.3.0.msi,8
2026-08-10T05:46:00Z,v2023.3.0,objeck-windows-x64_2023.3.0.zip,9
2026-08-10T05:46:00Z,v2023.3.1,objeck-linux-arm64_2023.3.1.tgz,13
2026-08-10T05:46:00Z,v2023.3.1,objeck-linux-x64_2023.3.1.tgz,18
2026-08-10T05:46:00Z,v2023.3.1,objeck-macos-arm64_2023.3.1.tgz,16
2026-08-10T05:46:00Z,v2023.3.1,objeck-macos-x64_2023.3.1.tgz,14
2026-08-10T05:46:00Z,v2023.3.1,objeck-windows-x64_2023.3.1.msi,15
2026-08-10T05:46:00Z,v2023.3.1,objeck-windows-x64_2023.3.1.zip,19
2026-08-10T05:46:00Z,v2023.4.0,objeck-linux-arm64_2023.4.0.tgz,13
2026-08-10T05:46:00Z,v2023.4.0,objeck-linux-x64_2023.4.0.tgz,13
2026-08-10T05:46:00Z,v2023.4.0,objeck-macos-arm64_2023.4.0.tgz,13
2026-08-10T05:46:00Z,v2023.4.0,objeck-macos-x64_2023.4.0.tgz,13
2026-08-10T05:46:00Z,v2023.4.0,objeck-windows-x64_2023.4.0.msi,15
2026-08-10T05:46:00Z,v2023.4.0,objeck-windows-x64_2023.4.0.zip,172
2026-08-10T05:46:00Z,v2023.4.1,objeck-linux-arm64_2023.4.1.tgz,14
2026-08-10T05:46:00Z,v2023.4.1,objeck-linux-x64_2023.4.1.tgz,15
2026-08-10T05:46:00Z,v2023.4.1,objeck-macos-arm64_2023.4.1.tgz,14
2026-08-10T05:46:00Z,v2023.4.1,objeck-macos-x64_2023.4.1.tgz,15
2026-08-10T05:46:00Z,v2023.4.1,objeck-windows-x64_2023.4.1.msi,17
2026-08-10T05:46:00Z,v2023.4.1,objeck-windows-x64_2023.4.1.zip,22
2026-08-10T05:46:00Z,v2023.4.2,objeck-linux-arm64_2023.4.2.tgz,130
2026-08-10T05:46:00Z,v2023.4.2,objeck-linux-x64_2023.4.2.tgz,130
2026-08-10T05:46:00Z,v2023.4.2,objeck-macos-arm64_2023.4.2.tgz,129
2026-08-10T05:46:00Z,v2023.4.2,objeck-macos-x64_2023.4.2.tgz,130
2026-08-10T05:46:00Z,v2023.4.2,objeck-windows-x64_2023.4.2.msi,132
2026-08-10T05:46:00Z,v2023.4.2,objeck-windows-x64_2023.4.2.zip,137
2026-08-10T05:46:00Z,v2023.5.0,objeck-linux-arm64_2023.5.0.tgz,6
2026-08-10T05:46:00Z,v2023.5.0,objeck-linux-x64_2023.5.0.tgz,8
2026-08-10T05:46:00Z,v2023.5.0,objeck-macos-arm64_2023.5.0.tgz,7
2026-08-10T05:46:00Z,v2023.5.0,objeck-macos-x64_2023.5.0.tgz,6
2026-08-10T05:46:00Z,v2023.5.0,objeck-windows-x64_2023.5.0.msi,11
2026-08-10T05:46:00Z,v2023.5.0,objeck-windows-x64_2023.5.0.zip,13
2026-08-10T05:46:00Z,v2023.5.1,objeck-linux-arm64_2023.5.1.tgz,12
2026-08-10T05:46:00Z,v2023.5.1,objeck-linux-x64_2023.5.1.tgz,11
2026-08-10T05:46:00Z,v2023.5.1,objeck-macos-arm64_2023.5.1.tgz,12
2026-08-10T05:46:00Z,v2023.5.1,objeck-macos-x64_2023.5.1.tgz,11
2026-08-10T05:46:00Z,v2023.5.1,objeck-windows-x64_2023.5.1.msi,13
2026-08-10T05:46:00Z,v2023.5.1,objeck-windows-x64_2023.5.1.zip,15
2026-08-10T05:46:00Z,v2023.5.2,objeck-linux-arm64_2023.5.2.tgz,13
2026-08-10T05:46:00Z,v2023.5.2,objeck-linux-x64_2023.5.2.tgz,13
2026-08-10T05:46:00Z,v2023.5.2,objeck-macos-arm64_2023.5.2.tgz,12
2026-08-10T05:46:00Z,v2023.5.2,objeck-macos-x64_2023.5.2.tgz,12
2026-08-10T05:46:00Z,v2023.5.2,objeck-windows-x64_2023.5.2.msi,15
2026-08-10T05:46:00Z,v2023.5.2,objeck-windows-x64_2023.5.2.zip,16
2026-08-10T05:46:00Z,v2023.6.1,objeck-linux-arm64_2023.6.1.tgz,9
2026-08-10T05:46:00Z,v2023.6.1,objeck-linux-x64_2023.6.1.tgz,10
2026-08-10T05:46:00Z,v2023.6.1,objeck-macos-arm64_2023.6.1.tgz,9
2026-08-10T05:46:00Z,v2023.6.1,objeck-windows-x64_2023.6.1.msi,9
2026-08-10T05:46:00Z,v2023.6.1,objeck-windows-x64_2023.6.1.zip,12
2026-08-10T05:46:00Z,v2023.6.2,objeck-linux-arm64_2023.6.2.tgz,10
2026-08-10T05:46:00Z,v2023.6.2,objeck-linux-x64_2023.6.2.tgz,10
2026-08-10T05:46:00Z,v2023.6.2,objeck-macos-arm64_2023.6.2.tgz,11
2026-08-10T05:46:00Z,v2023.6.2,objeck-windows-x64_2023.6.2.msi,13
2026-08-10T05:46:00Z,v2023.6.2,objeck-windows-x64_2023.6.2.zip,15
2026-08-10T05:46:00Z,v2023.7.0,objeck-linux-arm64_2023.7.0.tgz,9
2026-08-10T05:46:00Z,v2023.7.0,objeck-linux-x64_2023.7.0.tgz,10
2026-08-10T05:46:00Z,v2023.7.0,objeck-macos-arm64_2023.7.0.tgz,9
2026-08-10T05:46:00Z,v2023.7.0,objeck-windows-x64_2023.7.0.msi,10
2026-08-10T05:46:00Z,v2023.7.0,objeck-windows-x64_2023.7.0.zip,10
2026-08-10T05:46:00Z,v2023.7.2,objeck-linux-arm64_2023.7.2.tgz,9
2026-08-10T05:46:00Z,v2023.7.2,objeck-linux-x64_2023.7.2.tgz,9
2026-08-10T05:46:00Z,v2023.7.2,objeck-macos-arm64_2023.7.2.tgz,10
2026-08-10T05:46:00Z,v2023.7.2,objeck-windows-x64_2023.7.2.msi,17
2026-08-10T05:46:00Z,v2023.7.2,objeck-windows-x64_2023.7.2.zip,18
2026-08-10T05:46:00Z,v2023.7.3,objeck-linux-arm64_2023.7.3.tgz,9
2026-08-10T05:46:00Z,v2023.7.3,objeck-linux-x64_2023.7.3.tgz,9
2026-08-10T05:46:00Z,v2023.7.3,objeck-macos-arm64_2023.7.3.tgz,10
2026-08-10T05:46:00Z,v2023.7.3,objeck-windows-x64_2023.7.3.msi,11
2026-08-10T05:46:00Z,v2023.7.3,objeck-windows-x64_2023.7.3.zip,12
2026-08-10T05:46:00Z,v2023.7.4,objeck-linux-arm64_v2023.7.4.tgz,9
2026-08-10T05:46:00Z,v2023.7.4,objeck-linux-x64_v2023.7.4.tgz,9
2026-08-10T05:46:00Z,v2023.7.4,objeck-macos-arm64_v2023.7.4.tgz,9
2026-08-10T05:46:00Z,v2023.7.4,objeck-windows-x64_v2023.7.4.msi,12
2026-08-10T05:46:00Z,v2023.7.4,objeck-windows-x64_v2023.7.4.zip,14
2026-08-10T05:46:00Z,v2023.7.5,objeck-linux-arm64_2023.7.5.tgz,9
2026-08-10T05:46:00Z,v2023.7.5,objeck-linux-x64_2023.7.5.tgz,10
2026-08-10T05:46:00Z,v2023.7.5,objeck-macos-arm64_2023.7.5.tgz,10
2026-08-10T05:46:00Z,v2023.7.5,objeck-windows-x64_2023.7.5.msi,11
2026-08-10T05:46:00Z,v2023.7.5,objeck-windows-x64_2023.7.5.zip,12
2026-08-10T05:46:00Z,v2023.8.0,objeck-linux-arm64_2023.8.0.tgz,9
2026-08-10T05:46:00Z,v2023.8.0,objeck-linux-x64_2023.8.0.tgz,9
2026-08-10T05:46:00Z,v2023.8.0,objeck-macos-arm64_2023.8.0.tgz,9
2026-08-10T05:46:00Z,v2023.8.0,objeck-windows-x64_2023.8.0.msi,15
2026-08-10T05:46:00Z,v2023.8.0,objeck-windows-x64_2023.8.0.zip,14
2026-08-10T05:46:00Z,v2023.8.1,objeck-linux-arm64_2023.8.1.tgz,9
2026-08-10T05:46:00Z,v2023.8.1,objeck-linux-x64_2023.8.1.tgz,9
2026-08-10T05:46:00Z,v2023.8.1,objeck-macos-arm64_2023.8.1.tgz,9
2026-08-10T05:46:00Z,v2023.8.1,objeck-windows-x64_2023.8.1.msi,10
2026-08-10T05:46:00Z,v2023.8.1,objeck-windows-x64_2023.8.1.zip,14
2026-08-10T05:46:00Z,v2023.8.2,objeck-linux-arm64_2023.8.2.tgz,14
2026-08-10T05:46:00Z,v2023.8.2,objeck-linux-x64_2023.8.2.tgz,11
2026-08-10T05:46:00Z,v2023.8.2,objeck-macos-arm64_2023.8.2.tgz,11
2026-08-10T05:46:00Z,v2023.8.2,objeck-windows-x64_2023.8.2.msi,12
2026-08-10T05:46:00Z,v2023.8.2,objeck-windows-x64_2023.8.2.zip,18
2026-08-10T05:46:00Z,v2023.9.1,objeck-linux-arm64_2023.9.1.tgz,13
2026-08-10T05:46:00Z,v2023.9.1,objeck-linux-x64_2023.9.1.tgz,13
2026-08-10T05:46:00Z,v2023.9.1,objeck-macos-arm64_2023.9.1.tgz,18
2026-08-10T05:46:00Z,v2023.9.1,objeck-windows-x64_2023.9.1.msi,17
2026-08-10T05:46:00Z,v2023.9.1,objeck-windows-x64_2023.9.1.zip,18
2026-08-10T05:46:00Z,v2024.10.0,objeck-linux-arm64_2024.10.0.tgz,6
2026-08-10T05:46:00Z,v2024.10.0,objeck-linux-x64_2024.10.0.tgz,11
2026-08-10T05:46:00Z,v2024.10.0,objeck-macos-arm64_2024.10.0.tgz,6
2026-08-10T05:46:00Z,v2024.10.0,objeck-windows-x64_2024.10.0.msi,7
2026-08-10T05:46:00Z,v2024.10.0,objeck-windows-x64_2024.10.0.zip,31
2026-08-10T05:46:00Z,v2024.2.0,objeck-linux-arm64_2024.2.0.tgz,10
2026-08-10T05:46:00Z,v2024.2.0,objeck-linux-x64_2024.2.0.tgz,10
2026-08-10T05:46:00Z,v2024.2.0,objeck-macos-arm64_2024.2.0.tgz,9
2026-08-10T05:46:00Z,v2024.2.0,objeck-windows-x64_2024.2.0.msi,1377
2026-08-10T05:46:00Z,v2024.2.0,objeck-windows-x64_2024.2.0.zip,12
2026-08-10T05:46:00Z,v2024.2.1,objeck-linux-arm64_2024.2.1.tgz,11
2026-08-10T05:46:00Z,v2024.2.1,objeck-linux-x64_2024.2.1.tgz,16
2026-08-10T05:46:00Z,v2024.2.1,objeck-macos-arm64_2024.2.1.tgz,10
2026-08-10T05:46:00Z,v2024.2.1,objeck-windows-x64_2024.2.1.msi,1341
2026-08-10T05:46:00Z,v2024.2.1,objeck-windows-x64_2024.2.1.zip,13
2026-08-10T05:46:00Z,v2024.3.0,objeck-linux-arm64_0.0.0.tgz,6
2026-08-10T05:46:00Z,v2024.3.0,objeck-linux-x64_0.0.0.tgz,6
2026-08-10T05:46:00Z,v2024.3.0,objeck-lsp-2024.3.0.zip,10
2026-08-10T05:46:00Z,v2024.3.0,objeck-macos-arm64_0.0.0.tgz,6
2026-08-10T05:46:00Z,v2024.3.0,objeck-windows-x64_0.0.0.msi,1290
2026-08-10T05:46:00Z,v2024.3.0,objeck-windows-x64_0.0.0.zip,11
2026-08-10T05:46:00Z,v2024.3.0,readme.txt,3
2026-08-10T05:46:00Z,v2024.4.1,objeck-linux-arm64_2024.4.1.tgz,6
2026-08-10T05:46:00Z,v2024.4.1,objeck-linux-x64_2024.4.1.tgz,6
2026-08-10T05:46:00Z,v2024.4.1,objeck-macos-arm64_2024.4.1.tgz,6
2026-08-10T05:46:00Z,v2024.4.1,objeck-windows-x64_2024.4.1.msi,1479
2026-08-10T05:46:00Z,v2024.4.1,objeck-windows-x64_2024.4.1.zip,27
2026-08-10T05:46:00Z,v2024.5.0,objeck-linux-arm64_2024.5.0.tgz,11
2026-08-10T05:46:00Z,v2024.5.0,objeck-linux-x64_2024.5.0.tgz,11
2026-08-10T05:46:00Z,v2024.5.0,objeck-macos-arm64_2024.5.0.tgz,11
2026-08-10T05:46:00Z,v2024.5.0,objeck-windows-x64_2024.5.0.msi,14
2026-08-10T05:46:00Z,v2024.5.0,objeck-windows-x64_2024.5.0.zip,15
2026-08-10T05:46:00Z,v2024.5.0,readme.txt,7
2026-08-10T05:46:00Z,v2024.6.0,objeck-linux-arm64_2024.6.0.tgz,12
2026-08-10T05:46:00Z,v2024.6.0,objeck-linux-x64_2024.6.0.tgz,12
2026-08-10T05:46:00Z,v2024.6.0,objeck-macos-arm64_2024.6.0.tgz,12
2026-08-10T05:46:00Z,v2024.6.0,objeck-windows-x64_2024.6.0.msi,16
2026-08-10T05:46:00Z,v2024.6.0,objeck-windows-x64_2024.6.0.zip,18
2026-08-10T05:46:00Z,v2024.7.1,objeck-linux-arm64_2024.7.1.tgz,10
2026-08-10T05:46:00Z,v2024.7.1,objeck-linux-x64_2024.7.1.tgz,11
2026-08-10T05:46:00Z,v2024.7.1,objeck-macos-arm64_2024.7.1.tgz,10
2026-08-10T05:46:00Z,v2024.7.1,objeck-windows-x64_2024.7.1.msi,14
2026-08-10T05:46:00Z,v2024.7.1,objeck-windows-x64_2024.7.1.zip,13
2026-08-10T05:46:00Z,v2024.8.0,objeck-linux-arm64_2024.8.0.tgz,12
2026-08-10T05:46:00Z,v2024.8.0,objeck-linux-x64_2024.8.0.tgz,8
2026-08-10T05:46:00Z,v2024.8.0,objeck-macos-arm64_2024.8.0.tgz,9
2026-08-10T05:46:00Z,v2024.8.0,objeck-windows-x64_2024.8.0.msi,8
2026-08-10T05:46:00Z,v2024.8.0,objeck-windows-x64_2024.8.0.zip,14
2026-08-10T05:46:00Z,v2024.9.0,objeck-linux-arm64_2024.9.0.tgz,11
2026-08-10T05:46:00Z,v2024.9.0,objeck-linux-x64_2024.9.0.tgz,11
2026-08-10T05:46:00Z,v2024.9.0,objeck-macos-arm64_2024.9.0.tgz,11
2026-08-10T05:46:00Z,v2024.9.0,objeck-windows-x64_2024.9.0.msi,11
2026-08-10T05:46:00Z,v2024.9.0,objeck-windows-x64_2024.9.0.zip,17
2026-08-10T05:46:00Z,v2025.1.1,objeck-linux-arm64_2025.1.1.tgz,11
2026-08-10T05:46:00Z,v2025.1.1,objeck-linux-x64_2025.1.1.tgz,11
2026-08-10T05:46:00Z,v2025.1.1,objeck-lsp-2025.1.1.zip,11
2026-08-10T05:46:00Z,v2025.1.1,objeck-windows-arm64_2025.1.1_beta.msi,7
2026-08-10T05:46:00Z,v2025.1.1,objeck-windows-arm64_2025.1.1_beta.zip,6
2026-08-10T05:46:00Z,v2025.1.1,objeck-windows-x64_2025.1.1.msi,12
2026-08-10T05:46:00Z,v2025.1.1,objeck-windows-x64_2025.1.1.zip,17
2026-08-10T05:46:00Z,v2025.2.2,objeck-linux-arm64_2025.2.2.tgz,7
2026-08-10T05:46:00Z,v2025.2.2,objeck-linux-x64_2025.2.2.tgz,11
2026-08-10T05:46:00Z,v2025.2.2,objeck-lsp-2025.2.2.zip,8
2026-08-10T05:46:00Z,v2025.2.2,objeck-macos-arm64_2025.2.2.tgz,7
2026-08-10T05:46:00Z,v2025.2.2,objeck-windows-arm64_2025.2.2.msi,7
2026-08-10T05:46:00Z,v2025.2.2,objeck-windows-arm64_2025.2.2.zip,7
2026-08-10T05:46:00Z,v2025.2.2,objeck-windows-x64_2025.2.2.msi,8
2026-08-10T05:46:00Z,v2025.2.2,objeck-windows-x64_2025.2.2.zip,9
2026-08-10T05:46:00Z,v2025.6.2,objeck-linux-arm64_v2025.6.2.tgz,16
2026-08-10T05:46:00Z,v2025.6.2,objeck-linux-x64_v2025.6.2.tgz,15
2026-08-10T05:46:00Z,v2025.6.2,objeck-lsp-2025.6.2.zip,8
2026-08-10T05:46:00Z,v2025.6.2,objeck-macos-arm64_v2025.6.2.tgz,15
2026-08-10T05:46:00Z,v2025.6.2,objeck-windows-arm64_v2025.6.2.msi,16
2026-08-10T05:46:00Z,v2025.6.2,objeck-windows-arm64_v2025.6.2.zip,15
2026-08-10T05:46:00Z,v2025.6.2,objeck-windows-x64_v2025.6.2.msi,19
2026-08-10T05:46:00Z,v2025.6.2,objeck-windows-x64_v2025.6.2.zip,18
2026-08-10T05:46:00Z,v2025.7.0,objeck-linux-arm64_v2025.7.0.tgz,18
2026-08-10T05:46:00Z,v2025.7.0,objeck-linux-x64_v2025.7.0.tgz,11
2026-08-10T05:46:00Z,v2025.7.0,objeck-lsp-2025.7.0.zip,14
2026-08-10T05:46:00Z,v2025.7.0,objeck-macos-arm64_v2025.7.0.tgz,6
2026-08-10T05:46:00Z,v2025.7.0,objeck-windows-arm64_v2025.7.0.msi,8
2026-08-10T05:46:00Z,v2025.7.0,objeck-windows-arm64_v2025.7.0.zip,8
2026-08-10T05:46:00Z,v2025.7.0,objeck-windows-x64_v2025.7.0.msi,10
2026-08-10T05:46:00Z,v2025.7.0,objeck-windows-x64_v2025.7.0.zip,19
2026-08-10T05:46:00Z,v2026.2.0,objeck-linux-x64_2026.2.0.tgz,12
2026-08-10T05:46:00Z,v2026.2.0,objeck-lsp_2026.2.0.zip,9
2026-08-10T05:46:00Z,v2026.2.0,objeck-macos-arm64_2026.2.0.tgz,6
2026-08-10T05:46:00Z,v2026.2.0,objeck-windows-arm64_2026.2.0.zip,7
2026-08-10T05:46:00Z,v2026.2.0,objeck-windows-x64_2026.2.0.msi,30
2026-08-10T05:46:00Z,v2026.2.0,objeck-windows-x64_2026.2.0.zip,10
2026-08-10T05:46:00Z,v2026.2.1,objeck-linux-arm64_2026.2.1.tgz,7
2026-08-10T05:46:00Z,v2026.2.1,objeck-linux-x64_2026.2.1.tgz,12
2026-08-10T05:46:00Z,v2026.2.1,objeck-lsp_2026.2.1.zip,7
2026-08-10T05:46:00Z,v2026.2.1,objeck-macos-arm64_2026.2.1.tgz,10
2026-08-10T05:46:00Z,v2026.2.1,objeck-windows-arm64_2026.2.1.msi,5
2026-08-10T05:46:00Z,v2026.2.1,objeck-windows-arm64_2026.2.1.zip,8
2026-08-10T05:46:00Z,v2026.2.1,objeck-windows-x64_2026.2.1.msi,8
2026-08-10T05:46:00Z,v2026.2.1,objeck-windows-x64_2026.2.1.zip,10
2026-08-10T05:46:00Z,v2026.4.0,objeck-linux-arm64_2026.4.0.tgz,9
2026-08-10T05:46:00Z,v2026.4.0,objeck-linux-x64_2026.4.0.tgz,11
2026-08-10T05:46:00Z,v2026.4.0,objeck-lsp_2026.4.0.zip,10
2026-08-10T05:46:00Z,v2026.4.0,objeck-macos-arm64_2026.4.0.pkg,13
2026-08-10T05:46:00Z,v2026.4.0,objeck-macos-arm64_2026.4.0.tgz,12
2026-08-10T05:46:00Z,v2026.4.0,objeck-windows-arm64_2026.4.0.msi,7
2026-08-10T05:46:00Z,v2026.4.0,objeck-windows-arm64_2026.4.0.zip,9
2026-08-10T05:46:00Z,v2026.4.0,objeck-windows-x64_2026.4.0.msi,7
2026-08-10T05:46:00Z,v2026.4.0,objeck-windows-x64_2026.4.0.zip,10
2026-08-10T05:46:00Z,v2026.4.1,objeck-linux-arm64_2026.4.1.tgz,10
2026-08-10T05:46:00Z,v2026.4.1,objeck-linux-x64_2026.4.1.tgz,8
2026-08-10T05:46:00Z,v2026.4.1,objeck-lsp_2026.4.1.zip,8
2026-08-10T05:46:00Z,v2026.4.1,objeck-macos-arm64_2026.4.1.pkg,9
2026-08-10T05:46:00Z,v2026.4.1,objeck-macos-arm64_2026.4.1.tgz,8
2026-08-10T05:46:00Z,v2026.4.1,objeck-windows-arm64_2026.4.1.msi,6
2026-08-10T05:46:00Z,v2026.4.1,objeck-windows-arm64_2026.4.1.zip,9
2026-08-10T05:46:00Z,v2026.4.1,objeck-windows-x64_2026.4.1.msi,6
2026-08-10T05:46:00Z,v2026.4.1,objeck-windows-x64_2026.4.1.zip,11
2026-08-10T05:46:00Z,v2026.4.2,objeck-linux-arm64_2026.4.2.tgz,9
2026-08-10T05:46:00Z,v2026.4.2,objeck-linux-x64_2026.4.2.tgz,9
2026-08-10T05:46:00Z,v2026.4.2,objeck-lsp_2026.4.2.zip,10
2026-08-10T05:46:00Z,v2026.4.2,objeck-macos-arm64_2026.4.2.pkg,10
2026-08-10T05:46:00Z,v2026.4.2,objeck-macos-arm64_2026.4.2.tgz,9
2026-08-10T05:46:00Z,v2026.4.2,objeck-windows-arm64_2026.4.2.msi,6
2026-08-10T05:46:00Z,v2026.4.2,objeck-windows-arm64_2026.4.2.zip,9
2026-08-10T05:46:00Z,v2026.4.2,objeck-windows-x64_2026.4.2.msi,6
2026-08-10T05:46:00Z,v2026.4.2,objeck-windows-x64_2026.4.2.zip,8
2026-08-10T05:46:00Z,v2026.4.3,objeck-linux-arm64_2026.4.3.tgz,6
2026-08-10T05:46:00Z,v2026.4.3,objeck-linux-x64_2026.4.3.tgz,10
2026-08-10T05:46:00Z,v2026.4.3,objeck-lsp_2026.4.3.zip,12
2026-08-10T05:46:00Z,v2026.4.3,objeck-macos-arm64_2026.4.3.pkg,9
2026-08-10T05:46:00Z,v2026.4.3,objeck-macos-arm64_2026.4.3.tgz,9
2026-08-10T05:46:00Z,v2026.4.3,objeck-windows-arm64_2026.4.3.msi,5
2026-08-10T05:46:00Z,v2026.4.3,objeck-windows-arm64_2026.4.3.zip,10
2026-08-10T05:46:00Z,v2026.4.3,objeck-windows-x64_2026.4.3.msi,7
2026-08-10T05:46:00Z,v2026.4.3,objeck-windows-x64_2026.4.3.zip,12
2026-08-10T05:46:00Z,v2026.5.2,objeck-linux-arm64_2026.5.2.tgz,10
2026-08-10T05:46:00Z,v2026.5.2,objeck-linux-x64_2026.5.2.tgz,7
2026-08-10T05:46:00Z,v2026.5.2,objeck-lsp_2026.5.2.zip,6
2026-08-10T05:46:00Z,v2026.5.2,objeck-macos-arm64_2026.5.2.pkg,7
2026-08-10T05:46:00Z,v2026.5.2,objeck-macos-arm64_2026.5.2.tgz,8
2026-08-10T05:46:00Z,v2026.5.2,objeck-windows-arm64_2026.5.2.msi,4
2026-08-10T05:46:00Z,v2026.5.2,objeck-windows-arm64_2026.5.2.zip,12
2026-08-10T05:46:00Z,v2026.5.2,objeck-windows-x64_2026.5.2.msi,4
2026-08-10T05:46:00Z,v2026.5.2,objeck-windows-x64_2026.5.2.zip,14
2026-08-10T05:46:00Z,v2026.5.3,objeck-linux-arm64_2026.5.3.tgz,5
2026-08-10T05:46:00Z,v2026.5.3,objeck-linux-x64_2026.5.3.tgz,8
2026-08-10T05:46:00Z,v2026.5.3,objeck-lsp_2026.5.3.zip,6
2026-08-10T05:46:00Z,v2026.5.3,objeck-macos-arm64_2026.5.3.pkg,13
2026-08-10T05:46:00Z,v2026.5.3,objeck-macos-arm64_2026.5.3.tgz,6
2026-08-10T05:46:00Z,v2026.5.3,objeck-windows-arm64_2026.5.3.msi,5
2026-08-10T05:46:00Z,v2026.5.3,objeck-windows-arm64_2026.5.3.zip,10
2026-08-10T05:46:00Z,v2026.5.3,objeck-windows-x64_2026.5.3.msi,6
2026-08-10T05:46:00Z,v2026.5.3,objeck-windows-x64_2026.5.3.zip,10
2026-08-10T05:46:00Z,v2026.5.4,objeck-linux-arm64_2026.5.4.tgz,5
2026-08-10T05:46:00Z,v2026.5.4,objeck-linux-x64_2026.5.4.tgz,6
2026-08-10T05:46:00Z,v2026.5.4,objeck-lsp_2026.5.4.zip,7
2026-08-10T05:46:00Z,v2026.5.4,objeck-macos-arm64_2026.5.4.pkg,5
2026-08-10T05:46:00Z,v2026.5.4,objeck-macos-arm64_2026.5.4.tgz,5
2026-08-10T05:46:00Z,v2026.5.4,objeck-windows-arm64_2026.5.4.msi,5
2026-08-10T05:46:00Z,v2026.5.4,objeck-windows-arm64_2026.5.4.zip,10
2026-08-10T05:46:00Z,v2026.5.4,objeck-windows-x64_2026.5.4.msi,6
2026-08-10T05:46:00Z,v2026.5.4,objeck-windows-x64_2026.5.4.zip,11
2026-08-10T05:46:00Z,v2026.6.0,objeck-linux-arm64_2026.6.0.tgz,5
2026-08-10T05:46:00Z,v2026.6.0,objeck-linux-x64_2026.6.0.tgz,6
2026-08-10T05:46:00Z,v2026.6.0,objeck-lsp_2026.6.0.zip,5
2026-08-10T05:46:00Z,v2026.6.0,objeck-macos-arm64_2026.6.0.pkg,5
2026-08-10T05:46:00Z,v2026.6.0,objeck-macos-arm64_2026.6.0.tgz,5
2026-08-10T05:46:00Z,v2026.6.0,objeck-windows-arm64_2026.6.0.msi,5
2026-08-10T05:46:00Z,v2026.6.0,objeck-windows-arm64_2026.6.0.zip,10
2026-08-10T05:46:00Z,v2026.6.0,objeck-windows-x64_2026.6.0.msi,5
2026-08-10T05:46:00Z,v2026.6.0,objeck-windows-x64_2026.6.0.zip,11
2026-08-10T05:46:00Z,v2026.6.1,objeck-linux-arm64_2026.6.1.tgz,7
2026-08-10T05:46:00Z,v2026.6.1,objeck-linux-x64_2026.6.1.tgz,8
2026-08-10T05:46:00Z,v2026.6.1,objeck-lsp_2026.6.1.zip,6
2026-08-10T05:46:00Z,v2026.6.1,objeck-macos-arm64_2026.6.1.pkg,7
2026-08-10T05:46:00Z,v2026.6.1,objeck-macos-arm64_2026.6.1.tgz,7
2026-08-10T05:46:00Z,v2026.6.1,objeck-windows-arm64_2026.6.1.msi,7
2026-08-10T05:46:00Z,v2026.6.1,objeck-windows-arm64_2026.6.1.zip,10
2026-08-10T05:46:00Z,v2026.6.1,objeck-windows-x64_2026.6.1.msi,7
2026-08-10T05:46:00Z,v2026.6.1,objeck-windows-x64_2026.6.1.zip,11
2026-08-10T05:46:00Z,v2026.6.2,objeck-linux-arm64_2026.6.2.tgz,5
2026-08-10T05:46:00Z,v2026.6.2,objeck-linux-x64_2026.6.2.tgz,7
2026-08-10T05:46:00Z,v2026.6.2,objeck-lsp_2026.6.2.zip,5
2026-08-10T05:46:00Z,v2026.6.2,objeck-macos-arm64_2026.6.2.pkg,5
2026-08-10T05:46:00Z,v2026.6.2,objeck-macos-arm64_2026.6.2.tgz,5
2026-08-10T05:46:00Z,v2026.6.2,objeck-windows-arm64_2026.6.2.msi,5
2026-08-10T05:46:00Z,v2026.6.2,objeck-windows-arm64_2026.6.2.zip,10
2026-08-10T05:46:00Z,v2026.6.2,objeck-windows-x64_2026.6.2.msi,5
2026-08-10T05:46:00Z,v2026.6.2,objeck-windows-x64_2026.6.2.zip,10
2026-08-10T05:46:00Z,v2026.6.3,objeck-linux-arm64_2026.6.3.tgz,4
2026-08-10T05:46:00Z,v2026.6.3,objeck-linux-x64_2026.6.3.tgz,6
2026-08-10T05:46:00Z,v2026.6.3,objeck-lsp_2026.6.3.zip,5
2026-08-10T05:46:00Z,v2026.6.3,objeck-macos-arm64_2026.6.3.pkg,4
2026-08-10T05:46:00Z,v2026.6.3,objeck-macos-arm64_2026.6.3.tgz,5
2026-08-10T05:46:00Z,v2026.6.3,objeck-windows-arm64_2026.6.3.msi,5
2026-08-10T05:46:00Z,v2026.6.3,objeck-windows-arm64_2026.6.3.zip,9
2026-08-10T05:46:00Z,v2026.6.3,objeck-windows-x64_2026.6.3.msi,4
2026-08-10T05:46:00Z,v2026.6.3,objeck-windows-x64_2026.6.3.zip,9
2026-08-10T05:46:00Z,v2026.6.4,objeck-linux-arm64_2026.6.4.tgz,5
2026-08-10T05:46:00Z,v2026.6.4,objeck-linux-x64_2026.6.4.tgz,17
2026-08-10T05:46:00Z,v2026.6.4,objeck-lsp_2026.6.4.zip,16
2026-08-10T05:46:00Z,v2026.6.4,objeck-macos-arm64_2026.6.4.pkg,8
2026-08-10T05:46:00Z,v2026.6.4,objeck-macos-arm64_2026.6.4.tgz,8
2026-08-10T05:46:00Z,v2026.6.4,objeck-windows-arm64_2026.6.4.msi,17
2026-08-10T05:46:00Z,v2026.6.4,objeck-windows-arm64_2026.6.4.zip,21
2026-08-10T05:46:00Z,v2026.6.4,objeck-windows-x64_2026.6.4.msi,18
2026-08-10T05:46:00Z,v2026.6.4,objeck-windows-x64_2026.6.4.zip,23
2026-08-10T05:46:00Z,v3.3.6-1,objeck-lang_3.3.6-1-1_amd64.deb,12
2026-08-10T05:46:00Z,v3.3.6-1,objeck-lang_3.3.6-1-1_i386.deb,9
2026-08-10T05:46:00Z,v3.3.6-1,objeck-lang_3.3.6-1-linux32.tgz,8
2026-08-10T05:46:00Z,v3.3.6-1,objeck-lang_3.3.6-1_linux64.tgz,10
2026-08-10T05:46:00Z,v3.3.6-1,objeck-lang_3.3.6-1_osx.tgz,8
2026-08-10T05:46:00Z,v3.3.6-1,objeck-lang_3.3.6-1_win32.zip,11
2026-08-10T05:46:00Z,v6.0.2,objeck-linux-amd64_6.0.2.tgz,3
2026-08-10T05:46:00Z,v6.0.2,objeck-linux-ia32_6.0.2.tgz,3
2026-08-10T05:46:00Z,v6.0.2,objeck-linux-rpi4_6.0.2.tgz,3
2026-08-10T05:46:00Z,v6.0.2,objeck-macos-arm64_6.0.2.tgz,4
2026-08-10T05:46:00Z,v6.0.2,objeck-macos-x64_6.0.2.tgz,3
2026-08-10T05:46:00Z,v6.0.2,objeck-win32_6.0.2.msi,7
2026-08-10T05:46:00Z,v6.0.2,objeck-win32_6.0.2.zip,17
2026-08-10T05:46:00Z,v6.0.2,objeck-win64_6.0.2.msi,8
2026-08-10T05:46:00Z,v6.0.2,objeck-win64_6.0.2.zip,9
2026-08-10T05:46:00Z,v6.8.1,objeck-linux-arm64_6.8.1.tgz,10
2026-08-10T05:46:00Z,v6.8.1,objeck-linux-x64_6.8.1.tgz,11
2026-08-10T05:46:00Z,v6.8.1,objeck-macos-arm64_6.8.1.tgz,10
2026-08-10T05:46:00Z,v6.8.1,objeck-macos-x64_6.8.1.tgz,10
2026-08-10T05:46:00Z,v6.8.1,objeck-windows-x64_6.8.1.msi,12
2026-08-10T05:46:00Z,v6.8.1,objeck-windows-x64_6.8.1.zip,11
2026-08-10T05:46:00Z,v6.8.2,objeck-linux-arm64_6.8.2.tgz,10
2026-08-10T05:46:00Z,v6.8.2,objeck-linux-x64_6.8.2.tgz,10
2026-08-10T05:46:00Z,v6.8.2,objeck-macos-arm64_6.8.2.tgz,9
2026-08-10T05:46:00Z,v6.8.2,objeck-macos-x64_6.8.2.tgz,8
2026-08-10T05:46:00Z,v6.8.2,objeck-windows-x64_6.8.2.msi,12
2026-08-10T05:46:00Z,v6.8.2,objeck-windows-x64_6.8.2.zip,13
2026-08-10T05:46:00Z,v6.8.2,readme.txt,5
2026-08-10T05:46:00Z,v6.8.3,objeck-linux-arm64_v6.8.3.tgz,78
2026-08-10T05:46:00Z,v6.8.3,objeck-linux-x64_v6.8.3.tgz,82
2026-08-10T05:46:00Z,v6.8.3,objeck-lsp-6.8.3.zip,81
2026-08-10T05:46:00Z,v6.8.3,objeck-macos-arm64_v6.8.3.tgz,83
2026-08-10T05:46:00Z,v6.8.3,objeck-macos-x64_v6.8.3.tgz,73
2026-08-10T05:46:00Z,v6.8.3,objeck-windows-x64_v6.8.3.msi,91
2026-08-10T05:46:00Z,v6.8.3,objeck-windows-x64_v6.8.3.zip,99
2026-08-10T05:46:00Z,v6.8.4,objeck-linux-arm64_v6.8.4.tgz,51
2026-08-10T05:46:00Z,v6.8.4,objeck-linux-x64_v6.8.4.tgz,53
2026-08-10T05:46:00Z,v6.8.4,objeck-lsp-6.8.4.zip,51
2026-08-10T05:46:00Z,v6.8.4,objeck-macos-arm64_v6.8.4.tgz,50
2026-08-10T05:46:00Z,v6.8.4,objeck-macos-x64_v6.8.4.tgz,48
2026-08-10T05:46:00Z,v6.8.4,objeck-windows-x64_v6.8.4.msi,49
2026-08-10T05:46:00Z,v6.8.4,objeck-windows-x64_v6.8.4.zip,52
2026-08-10T05:46:00Z,v6.8.5,objeck-linux-arm64_v6.8.5.tgz,9
2026-08-10T05:46:00Z,v6.8.5,objeck-linux-x64_v6.8.5.tgz,12
2026-08-10T05:46:00Z,v6.8.5,objeck-macos-arm64_v6.8.5.tgz,9
2026-08-10T05:46:00Z,v6.8.5,objeck-macos-x64_v6.8.5.tgz,10
2026-08-10T05:46:00Z,v6.8.5,objeck-windows-x64_v6.8.5.msi,12
2026-08-10T05:46:00Z,v6.8.5,objeck-windows-x64_v6.8.5.zip,12
2026-08-10T05:46:00Z,v6.8.6,objeck-linux-arm64_v6.8.6.tgz,48
2026-08-10T05:46:00Z,v6.8.6,objeck-linux-x64_v6.8.6.tgz,49
2026-08-10T05:46:00Z,v6.8.6,objeck-lsp-6.8.6.zip,52
2026-08-10T05:46:00Z,v6.8.6,objeck-macos-arm64_v6.8.6.tgz,46
2026-08-10T05:46:00Z,v6.8.6,objeck-macos-x64_v6.8.6.tgz,47
2026-08-10T05:46:00Z,v6.8.6,objeck-windows-x64_v6.8.6.msi,49
2026-08-10T05:46:00Z,v6.8.6,objeck-windows-x64_v6.8.6.zip,49
2026-08-10T05:46:00Z,v6.9.0,objeck-linux-arm64_6.9.0.tgz,3
2026-08-10T05:46:00Z,v6.9.0,objeck-linux-x64_6.9.0.tgz,4
2026-08-10T05:46:00Z,v6.9.0,objeck-lsp-6.9.0.zip,4
2026-08-10T05:46:00Z,v6.9.0,objeck-macos-arm64_6.9.0.tgz,3
2026-08-10T05:46:00Z,v6.9.0,objeck-macos-x64_6.9.0.tgz,6
2026-08-10T05:46:00Z,v6.9.0,objeck-windows-x64_6.9.0.msi,5
2026-08-10T05:46:00Z,v6.9.0,objeck-windows-x64_6.9.0.zip,6
2026-08-10T05:46:00Z,v6.9.1,objeck-linux-arm64_6.9.1.tgz,11
2026-08-10T05:46:00Z,v6.9.1,objeck-linux-x64_6.9.1.tgz,11
2026-08-10T05:46:00Z,v6.9.1,objeck-macos-arm64_6.9.1.tgz,12
2026-08-10T05:46:00Z,v6.9.1,objeck-macos-x64_6.9.1.tgz,9
2026-08-10T05:46:00Z,v6.9.1,objeck-windows-x64_6.9.1.msi,15
2026-08-10T05:46:00Z,v6.9.1,objeck-windows-x64_6.9.1.zip,20
2026-08-17T05:26:40Z,v2023.1.0,objeck-linux-arm64_2023.1.0.tgz,9
2026-08-17T05:26:40Z,v2023.1.0,objeck-linux-x64_2023.1.0.tgz,11
2026-08-17T05:26:40Z,v2023.1.0,objeck-macos-arm64_2023.1.0.tgz,12
2026-08-17T05:26:40Z,v2023.1.0,objeck-macos-x64_2023.1.0.tgz,13
2026-08-17T05:26:40Z,v2023.1.0,objeck-windows-x64_2023.1.0.msi,13
2026-08-17T05:26:40Z,v2023.1.0,objeck-windows-x64_2023.1.0.zip,14
2026-08-17T05:26:40Z,v2023.1.0,readme.txt,6
2026-08-17T05:26:40Z,v2023.1.1,objeck-linux-x64_2023.1.1.tgz,11
2026-08-17T05:26:40Z,v2023.1.1,objeck-macos-arm64_2023.1.1.tgz,11
2026-08-17T05:26:40Z,v2023.1.1,objeck-macos-x64_2023.1.1.tgz,13
2026-08-17T05:26:40Z,v2023.1.1,objeck-windows-x64_2023.1.1.msi,15
2026-08-17T05:26:40Z,v2023.1.1,objeck-windows-x64_2023.1.1.zip,12
2026-08-17T05:26:40Z,v2023.1.1,readme.txt,7
2026-08-17T05:26:40Z,v2023.1.2,objeck-linux-arm64_2023.1.2.tgz,218
2026-08-17T05:26:40Z,v2023.1.2,objeck-linux-x64_2023.1.2.tgz,204
2026-08-17T05:26:40Z,v2023.1.2,objeck-macos-arm64_2023.1.2.tgz,216
2026-08-17T05:26:40Z,v2023.1.2,objeck-macos-x64_2023.1.2.tgz,145
2026-08-17T05:26:40Z,v2023.1.2,objeck-windows-x64_2023.1.2.msi,222
2026-08-17T05:26:40Z,v2023.1.2,objeck-windows-x64_2023.1.2.zip,206
2026-08-17T05:26:40Z,v2023.10.0,objeck-linux-arm64_2023.10.0.tgz,11
2026-08-17T05:26:40Z,v2023.10.0,objeck-linux-x64_2023.10.0.tgz,10
2026-08-17T05:26:40Z,v2023.10.0,objeck-macos-arm64_2023.10.0.tgz,10
2026-08-17T05:26:40Z,v2023.10.0,objeck-windows-x64_2023.10.0.msi,14
2026-08-17T05:26:40Z,v2023.10.0,objeck-windows-x64_2023.10.0.zip,13
2026-08-17T05:26:40Z,v2023.11.0,objeck-linux-arm64_0.0.0.tgz,14
2026-08-17T05:26:40Z,v2023.11.0,objeck-linux-x64_0.0.0.tgz,12
2026-08-17T05:26:40Z,v2023.11.0,objeck-macos-arm64_0.0.0.tgz,13
2026-08-17T05:26:40Z,v2023.11.0,objeck-windows-x64_0.0.0.msi,16
2026-08-17T05:26:40Z,v2023.11.0,objeck-windows-x64_0.0.0.zip,14
2026-08-17T05:26:40Z,v2023.11.1,objeck-linux-arm64_v2023.11.1.tgz,10
2026-08-17T05:26:40Z,v2023.11.1,objeck-linux-x64_v2023.11.1.tgz,11
2026-08-17T05:26:40Z,v2023.11.1,objeck-macos-arm64_v2023.11.1.tgz,11
2026-08-17T05:26:40Z,v2023.11.1,objeck-windows-x64_v2023.11.1.msi,13
2026-08-17T05:26:40Z,v2023.11.1,objeck-windows-x64_v2023.11.1.zip,14
2026-08-17T05:26:40Z,v2023.11.2,objeck-linux-arm64_v2023.11.2.tgz,10
2026-08-17T05:26:40Z,v2023.11.2,objeck-linux-x64_v2023.11.2.tgz,10
2026-08-17T05:26:40Z,v2023.11.2,objeck-macos-arm64_v2023.11.2.tgz,11
2026-08-17T05:26:40Z,v2023.11.2,objeck-windows-x64_v2023.11.2.msi,1526
2026-08-17T05:26:40Z,v2023.11.2,objeck-windows-x64_v2023.11.2.zip,18
2026-08-17T05:26:40Z,v2023.12.0,objeck-linux-arm64_2023.12.0.tgz,9
2026-08-17T05:26:40Z,v2023.12.0,objeck-linux-x64_2023.12.0.tgz,10
2026-08-17T05:26:40Z,v2023.12.0,objeck-macos-arm64_2023.12.0.tgz,9
2026-08-17T05:26:40Z,v2023.12.0,objeck-windows-x64_2023.12.0.msi,1402
2026-08-17T05:26:40Z,v2023.12.0,objeck-windows-x64_2023.12.0.zip,14
2026-08-17T05:26:40Z,v2023.2.0,objeck-linux-arm64_2023.2.0.tgz,11
2026-08-17T05:26:40Z,v2023.2.0,objeck-linux-x64_2023.2.0.tgz,9
2026-08-17T05:26:40Z,v2023.2.0,objeck-macos-arm64_2023.2.0.tgz,12
2026-08-17T05:26:40Z,v2023.2.0,objeck-macos-x64_2023.2.0.tgz,11
2026-08-17T05:26:40Z,v2023.2.0,objeck-windows-x64_2023.2.0.msi,15
2026-08-17T05:26:40Z,v2023.2.0,objeck-windows-x64_2023.2.0.zip,13
2026-08-17T05:26:40Z,v2023.2.1,objeck-linux-arm64_2023.2.1.tgz,10
2026-08-17T05:26:40Z,v2023.2.1,objeck-linux-x64_2023.2.1.tgz,11
2026-08-17T05:26:40Z,v2023.2.1,objeck-macos-arm64_2023.2.1.tgz,11
2026-08-17T05:26:40Z,v2023.2.1,objeck-macos-x64_2023.2.1.tgz,10
2026-08-17T05:26:40Z,v2023.2.1,objeck-windows-x64_2023.2.1.msi,12
2026-08-17T05:26:40Z,v2023.2.1,objeck-windows-x64_2023.2.1.zip,14
2026-08-17T05:26:40Z,v2023.2.2,objeck-linux-arm64_2023.2.2.tgz,10
2026-08-17T05:26:40Z,v2023.2.2,objeck-linux-x64_2023.2.2.tgz,12
2026-08-17T05:26:40Z,v2023.2.2,objeck-macos-arm64_2023.2.2.tgz,10
2026-08-17T05:26:40Z,v2023.2.2,objeck-macos-x64_2023.2.2.tgz,10
2026-08-17T05:26:40Z,v2023.2.2,objeck-windows-x64_2023.2.2.msi,14
2026-08-17T05:26:40Z,v2023.2.2,objeck-windows-x64_2023.2.2.zip,13
2026-08-17T05:26:40Z,v2023.2.3,objeck-linux-arm64_2023.2.3.tgz,14
2026-08-17T05:26:40Z,v2023.2.3,objeck-linux-x64_2023.2.3.tgz,15
2026-08-17T05:26:40Z,v2023.2.3,objeck-macos-arm64_2023.2.3.tgz,13
2026-08-17T05:26:40Z,v2023.2.3,objeck-macos-x64_2023.2.3.tgz,15
2026-08-17T05:26:40Z,v2023.2.3,objeck-windows-x64_2023.2.3.msi,14
2026-08-17T05:26:40Z,v2023.2.3,objeck-windows-x64_2023.2.3.zip,16
2026-08-17T05:26:40Z,v2023.3.0,objeck-linux-arm64_2023.3.0.tgz,6
2026-08-17T05:26:40Z,v2023.3.0,objeck-linux-x64_2023.3.0.tgz,8
2026-08-17T05:26:40Z,v2023.3.0,objeck-macos-arm64_2023.3.0.tgz,6
2026-08-17T05:26:40Z,v2023.3.0,objeck-macos-x64_2023.3.0.tgz,6
2026-08-17T05:26:40Z,v2023.3.0,objeck-windows-x64_2023.3.0.msi,8
2026-08-17T05:26:40Z,v2023.3.0,objeck-windows-x64_2023.3.0.zip,9
2026-08-17T05:26:40Z,v2023.3.1,objeck-linux-arm64_2023.3.1.tgz,13
2026-08-17T05:26:40Z,v2023.3.1,objeck-linux-x64_2023.3.1.tgz,18
2026-08-17T05:26:40Z,v2023.3.1,objeck-macos-arm64_2023.3.1.tgz,16
2026-08-17T05:26:40Z,v2023.3.1,objeck-macos-x64_2023.3.1.tgz,14
2026-08-17T05:26:40Z,v2023.3.1,objeck-windows-x64_2023.3.1.msi,15
2026-08-17T05:26:40Z,v2023.3.1,objeck-windows-x64_2023.3.1.zip,19
2026-08-17T05:26:40Z,v2023.4.0,objeck-linux-arm64_2023.4.0.tgz,13
2026-08-17T05:26:40Z,v2023.4.0,objeck-linux-x64_2023.4.0.tgz,13
2026-08-17T05:26:40Z,v2023.4.0,objeck-macos-arm64_2023.4.0.tgz,13
2026-08-17T05:26:40Z,v2023.4.0,objeck-macos-x64_2023.4.0.tgz,13
2026-08-17T05:26:40Z,v2023.4.0,objeck-windows-x64_2023.4.0.msi,15
2026-08-17T05:26:40Z,v2023.4.0,objeck-windows-x64_2023.4.0.zip,175
2026-08-17T05:26:40Z,v2023.4.1,objeck-linux-arm64_2023.4.1.tgz,14
2026-08-17T05:26:40Z,v2023.4.1,objeck-linux-x64_2023.4.1.tgz,15
2026-08-17T05:26:40Z,v2023.4.1,objeck-macos-arm64_2023.4.1.tgz,14
2026-08-17T05:26:40Z,v2023.4.1,objeck-macos-x64_2023.4.1.tgz,15
2026-08-17T05:26:40Z,v2023.4.1,objeck-windows-x64_2023.4.1.msi,17
2026-08-17T05:26:40Z,v2023.4.1,objeck-windows-x64_2023.4.1.zip,22
2026-08-17T05:26:40Z,v2023.4.2,objeck-linux-arm64_2023.4.2.tgz,130
2026-08-17T05:26:40Z,v2023.4.2,objeck-linux-x64_2023.4.2.tgz,130
2026-08-17T05:26:40Z,v2023.4.2,objeck-macos-arm64_2023.4.2.tgz,129
2026-08-17T05:26:40Z,v2023.4.2,objeck-macos-x64_2023.4.2.tgz,130
2026-08-17T05:26:40Z,v2023.4.2,objeck-windows-x64_2023.4.2.msi,132
2026-08-17T05:26:40Z,v2023.4.2,objeck-windows-x64_2023.4.2.zip,137
2026-08-17T05:26:40Z,v2023.5.0,objeck-linux-arm64_2023.5.0.tgz,6
2026-08-17T05:26:40Z,v2023.5.0,objeck-linux-x64_2023.5.0.tgz,8
2026-08-17T05:26:40Z,v2023.5.0,objeck-macos-arm64_2023.5.0.tgz,7
2026-08-17T05:26:40Z,v2023.5.0,objeck-macos-x64_2023.5.0.tgz,6
2026-08-17T05:26:40Z,v2023.5.0,objeck-windows-x64_2023.5.0.msi,11
2026-08-17T05:26:40Z,v2023.5.0,objeck-windows-x64_2023.5.0.zip,13
2026-08-17T05:26:40Z,v2023.5.1,objeck-linux-arm64_2023.5.1.tgz,12
2026-08-17T05:26:40Z,v2023.5.1,objeck-linux-x64_2023.5.1.tgz,11
2026-08-17T05:26:40Z,v2023.5.1,objeck-macos-arm64_2023.5.1.tgz,12
2026-08-17T05:26:40Z,v2023.5.1,objeck-macos-x64_2023.5.1.tgz,11
2026-08-17T05:26:40Z,v2023.5.1,objeck-windows-x64_2023.5.1.msi,13
2026-08-17T05:26:40Z,v2023.5.1,objeck-windows-x64_2023.5.1.zip,15
2026-08-17T05:26:40Z,v2023.5.2,objeck-linux-arm64_2023.5.2.tgz,13
2026-08-17T05:26:40Z,v2023.5.2,objeck-linux-x64_2023.5.2.tgz,13
2026-08-17T05:26:40Z,v2023.5.2,objeck-macos-arm64_2023.5.2.tgz,12
2026-08-17T05:26:40Z,v2023.5.2,objeck-macos-x64_2023.5.2.tgz,12
2026-08-17T05:26:40Z,v2023.5.2,objeck-windows-x64_2023.5.2.msi,15
2026-08-17T05:26:40Z,v2023.5.2,objeck-windows-x64_2023.5.2.zip,16
2026-08-17T05:26:40Z,v2023.6.1,objeck-linux-arm64_2023.6.1.tgz,9
2026-08-17T05:26:40Z,v2023.6.1,objeck-linux-x64_2023.6.1.tgz,10
2026-08-17T05:26:40Z,v2023.6.1,objeck-macos-arm64_2023.6.1.tgz,9
2026-08-17T05:26:40Z,v2023.6.1,objeck-windows-x64_2023.6.1.msi,9
2026-08-17T05:26:40Z,v2023.6.1,objeck-windows-x64_2023.6.1.zip,12
2026-08-17T05:26:40Z,v2023.6.2,objeck-linux-arm64_2023.6.2.tgz,10
2026-08-17T05:26:40Z,v2023.6.2,objeck-linux-x64_2023.6.2.tgz,10
2026-08-17T05:26:40Z,v2023.6.2,objeck-macos-arm64_2023.6.2.tgz,11
2026-08-17T05:26:40Z,v2023.6.2,objeck-windows-x64_2023.6.2.msi,13
2026-08-17T05:26:40Z,v2023.6.2,objeck-windows-x64_2023.6.2.zip,15
2026-08-17T05:26:40Z,v2023.7.0,objeck-linux-arm64_2023.7.0.tgz,9
2026-08-17T05:26:40Z,v2023.7.0,objeck-linux-x64_2023.7.0.tgz,10
2026-08-17T05:26:40Z,v2023.7.0,objeck-macos-arm64_2023.7.0.tgz,9
2026-08-17T05:26:40Z,v2023.7.0,objeck-windows-x64_2023.7.0.msi,10
2026-08-17T05:26:40Z,v2023.7.0,objeck-windows-x64_2023.7.0.zip,10
2026-08-17T05:26:40Z,v2023.7.2,objeck-linux-arm64_2023.7.2.tgz,9
2026-08-17T05:26:40Z,v2023.7.2,objeck-linux-x64_2023.7.2.tgz,9
2026-08-17T05:26:40Z,v2023.7.2,objeck-macos-arm64_2023.7.2.tgz,10
2026-08-17T05:26:40Z,v2023.7.2,objeck-windows-x64_2023.7.2.msi,17
2026-08-17T05:26:40Z,v2023.7.2,objeck-windows-x64_2023.7.2.zip,18
2026-08-17T05:26:40Z,v2023.7.3,objeck-linux-arm64_2023.7.3.tgz,9
2026-08-17T05:26:40Z,v2023.7.3,objeck-linux-x64_2023.7.3.tgz,9
2026-08-17T05:26:40Z,v2023.7.3,objeck-macos-arm64_2023.7.3.tgz,10
2026-08-17T05:26:40Z,v2023.7.3,objeck-windows-x64_2023.7.3.msi,11
2026-08-17T05:26:40Z,v2023.7.3,objeck-windows-x64_2023.7.3.zip,12
2026-08-17T05:26:40Z,v2023.7.4,objeck-linux-arm64_v2023.7.4.tgz,9
2026-08-17T05:26:40Z,v2023.7.4,objeck-linux-x64_v2023.7.4.tgz,9
2026-08-17T05:26:40Z,v2023.7.4,objeck-macos-arm64_v2023.7.4.tgz,9
2026-08-17T05:26:40Z,v2023.7.4,objeck-windows-x64_v2023.7.4.msi,12
2026-08-17T05:26:40Z,v2023.7.4,objeck-windows-x64_v2023.7.4.zip,14
2026-08-17T05:26:40Z,v2023.7.5,objeck-linux-arm64_2023.7.5.tgz,9
2026-08-17T05:26:40Z,v2023.7.5,objeck-linux-x64_2023.7.5.tgz,10
2026-08-17T05:26:40Z,v2023.7.5,objeck-macos-arm64_2023.7.5.tgz,10
2026-08-17T05:26:40Z,v2023.7.5,objeck-windows-x64_2023.7.5.msi,11
2026-08-17T05:26:40Z,v2023.7.5,objeck-windows-x64_2023.7.5.zip,12
2026-08-17T05:26:40Z,v2023.8.0,objeck-linux-arm64_2023.8.0.tgz,9
2026-08-17T05:26:40Z,v2023.8.0,objeck-linux-x64_2023.8.0.tgz,9
2026-08-17T05:26:40Z,v2023.8.0,objeck-macos-arm64_2023.8.0.tgz,9
2026-08-17T05:26:40Z,v2023.8.0,objeck-windows-x64_2023.8.0.msi,15
2026-08-17T05:26:40Z,v2023.8.0,objeck-windows-x64_2023.8.0.zip,14
2026-08-17T05:26:40Z,v2023.8.1,objeck-linux-arm64_2023.8.1.tgz,9
2026-08-17T05:26:40Z,v2023.8.1,objeck-linux-x64_2023.8.1.tgz,9
2026-08-17T05:26:40Z,v2023.8.1,objeck-macos-arm64_2023.8.1.tgz,9
2026-08-17T05:26:40Z,v2023.8.1,objeck-windows-x64_2023.8.1.msi,10
2026-08-17T05:26:40Z,v2023.8.1,objeck-windows-x64_2023.8.1.zip,14
2026-08-17T05:26:40Z,v2023.8.2,objeck-linux-arm64_2023.8.2.tgz,14
2026-08-17T05:26:40Z,v2023.8.2,objeck-linux-x64_2023.8.2.tgz,11
2026-08-17T05:26:40Z,v2023.8.2,objeck-macos-arm64_2023.8.2.tgz,11
2026-08-17T05:26:40Z,v2023.8.2,objeck-windows-x64_2023.8.2.msi,12
2026-08-17T05:26:40Z,v2023.8.2,objeck-windows-x64_2023.8.2.zip,18
2026-08-17T05:26:40Z,v2023.9.1,objeck-linux-arm64_2023.9.1.tgz,13
2026-08-17T05:26:40Z,v2023.9.1,objeck-linux-x64_2023.9.1.tgz,13
2026-08-17T05:26:40Z,v2023.9.1,objeck-macos-arm64_2023.9.1.tgz,18
2026-08-17T05:26:40Z,v2023.9.1,objeck-windows-x64_2023.9.1.msi,17
2026-08-17T05:26:40Z,v2023.9.1,objeck-windows-x64_2023.9.1.zip,18
2026-08-17T05:26:40Z,v2024.10.0,objeck-linux-arm64_2024.10.0.tgz,6
2026-08-17T05:26:40Z,v2024.10.0,objeck-linux-x64_2024.10.0.tgz,11
2026-08-17T05:26:40Z,v2024.10.0,objeck-macos-arm64_2024.10.0.tgz,6
2026-08-17T05:26:40Z,v2024.10.0,objeck-windows-x64_2024.10.0.msi,7
2026-08-17T05:26:40Z,v2024.10.0,objeck-windows-x64_2024.10.0.zip,31
2026-08-17T05:26:40Z,v2024.2.0,objeck-linux-arm64_2024.2.0.tgz,10
2026-08-17T05:26:40Z,v2024.2.0,objeck-linux-x64_2024.2.0.tgz,10
2026-08-17T05:26:40Z,v2024.2.0,objeck-macos-arm64_2024.2.0.tgz,9
2026-08-17T05:26:40Z,v2024.2.0,objeck-windows-x64_2024.2.0.msi,1382
2026-08-17T05:26:40Z,v2024.2.0,objeck-windows-x64_2024.2.0.zip,12
2026-08-17T05:26:40Z,v2024.2.1,objeck-linux-arm64_2024.2.1.tgz,11
2026-08-17T05:26:40Z,v2024.2.1,objeck-linux-x64_2024.2.1.tgz,16
2026-08-17T05:26:40Z,v2024.2.1,objeck-macos-arm64_2024.2.1.tgz,10
2026-08-17T05:26:40Z,v2024.2.1,objeck-windows-x64_2024.2.1.msi,1349
2026-08-17T05:26:40Z,v2024.2.1,objeck-windows-x64_2024.2.1.zip,13
2026-08-17T05:26:40Z,v2024.3.0,objeck-linux-arm64_0.0.0.tgz,6
2026-08-17T05:26:40Z,v2024.3.0,objeck-linux-x64_0.0.0.tgz,6
2026-08-17T05:26:40Z,v2024.3.0,objeck-lsp-2024.3.0.zip,10
2026-08-17T05:26:40Z,v2024.3.0,objeck-macos-arm64_0.0.0.tgz,6
2026-08-17T05:26:40Z,v2024.3.0,objeck-windows-x64_0.0.0.msi,1299
2026-08-17T05:26:40Z,v2024.3.0,objeck-windows-x64_0.0.0.zip,11
2026-08-17T05:26:40Z,v2024.3.0,readme.txt,3
2026-08-17T05:26:40Z,v2024.4.1,objeck-linux-arm64_2024.4.1.tgz,6
2026-08-17T05:26:40Z,v2024.4.1,objeck-linux-x64_2024.4.1.tgz,6
2026-08-17T05:26:40Z,v2024.4.1,objeck-macos-arm64_2024.4.1.tgz,6
2026-08-17T05:26:40Z,v2024.4.1,objeck-windows-x64_2024.4.1.msi,1510
2026-08-17T05:26:40Z,v2024.4.1,objeck-windows-x64_2024.4.1.zip,27
2026-08-17T05:26:40Z,v2024.5.0,objeck-linux-arm64_2024.5.0.tgz,11
2026-08-17T05:26:40Z,v2024.5.0,objeck-linux-x64_2024.5.0.tgz,11
2026-08-17T05:26:40Z,v2024.5.0,objeck-macos-arm64_2024.5.0.tgz,11
2026-08-17T05:26:40Z,v2024.5.0,objeck-windows-x64_2024.5.0.msi,14
2026-08-17T05:26:40Z,v2024.5.0,objeck-windows-x64_2024.5.0.zip,15
2026-08-17T05:26:40Z,v2024.5.0,readme.txt,7
2026-08-17T05:26:40Z,v2024.6.0,objeck-linux-arm64_2024.6.0.tgz,12
2026-08-17T05:26:40Z,v2024.6.0,objeck-linux-x64_2024.6.0.tgz,12
2026-08-17T05:26:40Z,v2024.6.0,objeck-macos-arm64_2024.6.0.tgz,12
2026-08-17T05:26:40Z,v2024.6.0,objeck-windows-x64_2024.6.0.msi,16
2026-08-17T05:26:40Z,v2024.6.0,objeck-windows-x64_2024.6.0.zip,18
2026-08-17T05:26:40Z,v2024.7.1,objeck-linux-arm64_2024.7.1.tgz,10
2026-08-17T05:26:40Z,v2024.7.1,objeck-linux-x64_2024.7.1.tgz,11
2026-08-17T05:26:40Z,v2024.7.1,objeck-macos-arm64_2024.7.1.tgz,10
2026-08-17T05:26:40Z,v2024.7.1,objeck-windows-x64_2024.7.1.msi,14
2026-08-17T05:26:40Z,v2024.7.1,objeck-windows-x64_2024.7.1.zip,13
2026-08-17T05:26:40Z,v2024.8.0,objeck-linux-arm64_2024.8.0.tgz,12
2026-08-17T05:26:40Z,v2024.8.0,objeck-linux-x64_2024.8.0.tgz,8
2026-08-17T05:26:40Z,v2024.8.0,objeck-macos-arm64_2024.8.0.tgz,9
2026-08-17T05:26:40Z,v2024.8.0,objeck-windows-x64_2024.8.0.msi,8
2026-08-17T05:26:40Z,v2024.8.0,objeck-windows-x64_2024.8.0.zip,14
2026-08-17T05:26:40Z,v2024.9.0,objeck-linux-arm64_2024.9.0.tgz,11
2026-08-17T05:26:40Z,v2024.9.0,objeck-linux-x64_2024.9.0.tgz,11
2026-08-17T05:26:40Z,v2024.9.0,objeck-macos-arm64_2024.9.0.tgz,11
2026-08-17T05:26:40Z,v2024.9.0,objeck-windows-x64_2024.9.0.msi,11
2026-08-17T05:26:40Z,v2024.9.0,objeck-windows-x64_2024.9.0.zip,17
2026-08-17T05:26:40Z,v2025.1.1,objeck-linux-arm64_2025.1.1.tgz,11
2026-08-17T05:26:40Z,v2025.1.1,objeck-linux-x64_2025.1.1.tgz,11
2026-08-17T05:26:40Z,v2025.1.1,objeck-lsp-2025.1.1.zip,11
2026-08-17T05:26:40Z,v2025.1.1,objeck-windows-arm64_2025.1.1_beta.msi,7
2026-08-17T05:26:40Z,v2025.1.1,objeck-windows-arm64_2025.1.1_beta.zip,6
2026-08-17T05:26:40Z,v2025.1.1,objeck-windows-x64_2025.1.1.msi,12
2026-08-17T05:26:40Z,v2025.1.1,objeck-windows-x64_2025.1.1.zip,17
2026-08-17T05:26:40Z,v2025.2.2,objeck-linux-arm64_2025.2.2.tgz,7
2026-08-17T05:26:40Z,v2025.2.2,objeck-linux-x64_2025.2.2.tgz,11
2026-08-17T05:26:40Z,v2025.2.2,objeck-lsp-2025.2.2.zip,8
2026-08-17T05:26:40Z,v2025.2.2,objeck-macos-arm64_2025.2.2.tgz,7
2026-08-17T05:26:40Z,v2025.2.2,objeck-windows-arm64_2025.2.2.msi,7
2026-08-17T05:26:40Z,v2025.2.2,objeck-windows-arm64_2025.2.2.zip,7
2026-08-17T05:26:40Z,v2025.2.2,objeck-windows-x64_2025.2.2.msi,8
2026-08-17T05:26:40Z,v2025.2.2,objeck-windows-x64_2025.2.2.zip,9
2026-08-17T05:26:40Z,v2025.6.2,objeck-linux-arm64_v2025.6.2.tgz,16
2026-08-17T05:26:40Z,v2025.6.2,objeck-linux-x64_v2025.6.2.tgz,15
2026-08-17T05:26:40Z,v2025.6.2,objeck-lsp-2025.6.2.zip,8
2026-08-17T05:26:40Z,v2025.6.2,objeck-macos-arm64_v2025.6.2.tgz,15
2026-08-17T05:26:40Z,v2025.6.2,objeck-windows-arm64_v2025.6.2.msi,16
2026-08-17T05:26:40Z,v2025.6.2,objeck-windows-arm64_v2025.6.2.zip,15
2026-08-17T05:26:40Z,v2025.6.2,objeck-windows-x64_v2025.6.2.msi,19
2026-08-17T05:26:40Z,v2025.6.2,objeck-windows-x64_v2025.6.2.zip,18
2026-08-17T05:26:40Z,v2025.7.0,objeck-linux-arm64_v2025.7.0.tgz,18
2026-08-17T05:26:40Z,v2025.7.0,objeck-linux-x64_v2025.7.0.tgz,11
2026-08-17T05:26:40Z,v2025.7.0,objeck-lsp-2025.7.0.zip,14
2026-08-17T05:26:40Z,v2025.7.0,objeck-macos-arm64_v2025.7.0.tgz,6
2026-08-17T05:26:40Z,v2025.7.0,objeck-windows-arm64_v2025.7.0.msi,8
2026-08-17T05:26:40Z,v2025.7.0,objeck-windows-arm64_v2025.7.0.zip,8
2026-08-17T05:26:40Z,v2025.7.0,objeck-windows-x64_v2025.7.0.msi,10
2026-08-17T05:26:40Z,v2025.7.0,objeck-windows-x64_v2025.7.0.zip,19
2026-08-17T05:26:40Z,v2026.2.0,objeck-linux-x64_2026.2.0.tgz,12
2026-08-17T05:26:40Z,v2026.2.0,objeck-lsp_2026.2.0.zip,9
2026-08-17T05:26:40Z,v2026.2.0,objeck-macos-arm64_2026.2.0.tgz,6
2026-08-17T05:26:40Z,v2026.2.0,objeck-windows-arm64_2026.2.0.zip,7
2026-08-17T05:26:40Z,v2026.2.0,objeck-windows-x64_2026.2.0.msi,30
2026-08-17T05:26:40Z,v2026.2.0,objeck-windows-x64_2026.2.0.zip,10
2026-08-17T05:26:40Z,v2026.2.1,objeck-linux-arm64_2026.2.1.tgz,7
2026-08-17T05:26:40Z,v2026.2.1,objeck-linux-x64_2026.2.1.tgz,12
2026-08-17T05:26:40Z,v2026.2.1,objeck-lsp_2026.2.1.zip,7
2026-08-17T05:26:40Z,v2026.2.1,objeck-macos-arm64_2026.2.1.tgz,10
2026-08-17T05:26:40Z,v2026.2.1,objeck-windows-arm64_2026.2.1.msi,5
2026-08-17T05:26:40Z,v2026.2.1,objeck-windows-arm64_2026.2.1.zip,8
2026-08-17T05:26:40Z,v2026.2.1,objeck-windows-x64_2026.2.1.msi,8
2026-08-17T05:26:40Z,v2026.2.1,objeck-windows-x64_2026.2.1.zip,10
2026-08-17T05:26:40Z,v2026.4.0,objeck-linux-arm64_2026.4.0.tgz,9
2026-08-17T05:26:40Z,v2026.4.0,objeck-linux-x64_2026.4.0.tgz,11
2026-08-17T05:26:40Z,v2026.4.0,objeck-lsp_2026.4.0.zip,10
2026-08-17T05:26:40Z,v2026.4.0,objeck-macos-arm64_2026.4.0.pkg,13
2026-08-17T05:26:40Z,v2026.4.0,objeck-macos-arm64_2026.4.0.tgz,12
2026-08-17T05:26:40Z,v2026.4.0,objeck-windows-arm64_2026.4.0.msi,7
2026-08-17T05:26:40Z,v2026.4.0,objeck-windows-arm64_2026.4.0.zip,9
2026-08-17T05:26:40Z,v2026.4.0,objeck-windows-x64_2026.4.0.msi,8
2026-08-17T05:26:40Z,v2026.4.0,objeck-windows-x64_2026.4.0.zip,10
2026-08-17T05:26:40Z,v2026.4.1,objeck-linux-arm64_2026.4.1.tgz,10
2026-08-17T05:26:40Z,v2026.4.1,objeck-linux-x64_2026.4.1.tgz,8
2026-08-17T05:26:40Z,v2026.4.1,objeck-lsp_2026.4.1.zip,8
2026-08-17T05:26:40Z,v2026.4.1,objeck-macos-arm64_2026.4.1.pkg,9
2026-08-17T05:26:40Z,v2026.4.1,objeck-macos-arm64_2026.4.1.tgz,8
2026-08-17T05:26:40Z,v2026.4.1,objeck-windows-arm64_2026.4.1.msi,6
2026-08-17T05:26:40Z,v2026.4.1,objeck-windows-arm64_2026.4.1.zip,9
2026-08-17T05:26:40Z,v2026.4.1,objeck-windows-x64_2026.4.1.msi,6
2026-08-17T05:26:40Z,v2026.4.1,objeck-windows-x64_2026.4.1.zip,11
2026-08-17T05:26:40Z,v2026.4.2,objeck-linux-arm64_2026.4.2.tgz,9
2026-08-17T05:26:40Z,v2026.4.2,objeck-linux-x64_2026.4.2.tgz,9
2026-08-17T05:26:40Z,v2026.4.2,objeck-lsp_2026.4.2.zip,10
2026-08-17T05:26:40Z,v2026.4.2,objeck-macos-arm64_2026.4.2.pkg,10
2026-08-17T05:26:40Z,v2026.4.2,objeck-macos-arm64_2026.4.2.tgz,9
2026-08-17T05:26:40Z,v2026.4.2,objeck-windows-arm64_2026.4.2.msi,6
2026-08-17T05:26:40Z,v2026.4.2,objeck-windows-arm64_2026.4.2.zip,9
2026-08-17T05:26:40Z,v2026.4.2,objeck-windows-x64_2026.4.2.msi,6
2026-08-17T05:26:40Z,v2026.4.2,objeck-windows-x64_2026.4.2.zip,8
2026-08-17T05:26:40Z,v2026.4.3,objeck-linux-arm64_2026.4.3.tgz,6
2026-08-17T05:26:40Z,v2026.4.3,objeck-linux-x64_2026.4.3.tgz,10
2026-08-17T05:26:40Z,v2026.4.3,objeck-lsp_2026.4.3.zip,12
2026-08-17T05:26:40Z,v2026.4.3,objeck-macos-arm64_2026.4.3.pkg,9
2026-08-17T05:26:40Z,v2026.4.3,objeck-macos-arm64_2026.4.3.tgz,9
2026-08-17T05:26:40Z,v2026.4.3,objeck-windows-arm64_2026.4.3.msi,5
2026-08-17T05:26:40Z,v2026.4.3,objeck-windows-arm64_2026.4.3.zip,10
2026-08-17T05:26:40Z,v2026.4.3,objeck-windows-x64_2026.4.3.msi,7
2026-08-17T05:26:40Z,v2026.4.3,objeck-windows-x64_2026.4.3.zip,12
2026-08-17T05:26:40Z,v2026.5.2,objeck-linux-arm64_2026.5.2.tgz,10
2026-08-17T05:26:40Z,v2026.5.2,objeck-linux-x64_2026.5.2.tgz,7
2026-08-17T05:26:40Z,v2026.5.2,objeck-lsp_2026.5.2.zip,6
2026-08-17T05:26:40Z,v2026.5.2,objeck-macos-arm64_2026.5.2.pkg,7
2026-08-17T05:26:40Z,v2026.5.2,objeck-macos-arm64_2026.5.2.tgz,8
2026-08-17T05:26:40Z,v2026.5.2,objeck-windows-arm64_2026.5.2.msi,4
2026-08-17T05:26:40Z,v2026.5.2,objeck-windows-arm64_2026.5.2.zip,12
2026-08-17T05:26:40Z,v2026.5.2,objeck-windows-x64_2026.5.2.msi,4
2026-08-17T05:26:40Z,v2026.5.2,objeck-windows-x64_2026.5.2.zip,14
2026-08-17T05:26:40Z,v2026.5.3,objeck-linux-arm64_2026.5.3.tgz,5
2026-08-17T05:26:40Z,v2026.5.3,objeck-linux-x64_2026.5.3.tgz,8
2026-08-17T05:26:40Z,v2026.5.3,objeck-lsp_2026.5.3.zip,6
2026-08-17T05:26:40Z,v2026.5.3,objeck-macos-arm64_2026.5.3.pkg,13
2026-08-17T05:26:40Z,v2026.5.3,objeck-macos-arm64_2026.5.3.tgz,6
2026-08-17T05:26:40Z,v2026.5.3,objeck-windows-arm64_2026.5.3.msi,5
2026-08-17T05:26:40Z,v2026.5.3,objeck-windows-arm64_2026.5.3.zip,10
2026-08-17T05:26:40Z,v2026.5.3,objeck-windows-x64_2026.5.3.msi,6
2026-08-17T05:26:40Z,v2026.5.3,objeck-windows-x64_2026.5.3.zip,10
2026-08-17T05:26:40Z,v2026.5.4,objeck-linux-arm64_2026.5.4.tgz,5
2026-08-17T05:26:40Z,v2026.5.4,objeck-linux-x64_2026.5.4.tgz,6
2026-08-17T05:26:40Z,v2026.5.4,objeck-lsp_2026.5.4.zip,7
2026-08-17T05:26:40Z,v2026.5.4,objeck-macos-arm64_2026.5.4.pkg,5
2026-08-17T05:26:40Z,v2026.5.4,objeck-macos-arm64_2026.5.4.tgz,5
2026-08-17T05:26:40Z,v2026.5.4,objeck-windows-arm64_2026.5.4.msi,5
2026-08-17T05:26:40Z,v2026.5.4,objeck-windows-arm64_2026.5.4.zip,10
2026-08-17T05:26:40Z,v2026.5.4,objeck-windows-x64_2026.5.4.msi,6
2026-08-17T05:26:40Z,v2026.5.4,objeck-windows-x64_2026.5.4.zip,11
2026-08-17T05:26:40Z,v2026.6.0,objeck-linux-arm64_2026.6.0.tgz,5
2026-08-17T05:26:40Z,v2026.6.0,objeck-linux-x64_2026.6.0.tgz,6
2026-08-17T05:26:40Z,v2026.6.0,objeck-lsp_2026.6.0.zip,5
2026-08-17T05:26:40Z,v2026.6.0,objeck-macos-arm64_2026.6.0.pkg,5
2026-08-17T05:26:40Z,v2026.6.0,objeck-macos-arm64_2026.6.0.tgz,5
2026-08-17T05:26:40Z,v2026.6.0,objeck-windows-arm64_2026.6.0.msi,5
2026-08-17T05:26:40Z,v2026.6.0,objeck-windows-arm64_2026.6.0.zip,10
2026-08-17T05:26:40Z,v2026.6.0,objeck-windows-x64_2026.6.0.msi,5
2026-08-17T05:26:40Z,v2026.6.0,objeck-windows-x64_2026.6.0.zip,11
2026-08-17T05:26:40Z,v2026.6.1,objeck-linux-arm64_2026.6.1.tgz,8
2026-08-17T05:26:40Z,v2026.6.1,objeck-linux-x64_2026.6.1.tgz,10
2026-08-17T05:26:40Z,v2026.6.1,objeck-lsp_2026.6.1.zip,8
2026-08-17T05:26:40Z,v2026.6.1,objeck-macos-arm64_2026.6.1.pkg,8
2026-08-17T05:26:40Z,v2026.6.1,objeck-macos-arm64_2026.6.1.tgz,8
2026-08-17T05:26:40Z,v2026.6.1,objeck-windows-arm64_2026.6.1.msi,8
2026-08-17T05:26:40Z,v2026.6.1,objeck-windows-arm64_2026.6.1.zip,12
2026-08-17T05:26:40Z,v2026.6.1,objeck-windows-x64_2026.6.1.msi,8
2026-08-17T05:26:40Z,v2026.6.1,objeck-windows-x64_2026.6.1.zip,12
2026-08-17T05:26:40Z,v2026.6.2,objeck-linux-arm64_2026.6.2.tgz,5
2026-08-17T05:26:40Z,v2026.6.2,objeck-linux-x64_2026.6.2.tgz,7
2026-08-17T05:26:40Z,v2026.6.2,objeck-lsp_2026.6.2.zip,5
2026-08-17T05:26:40Z,v2026.6.2,objeck-macos-arm64_2026.6.2.pkg,5
2026-08-17T05:26:40Z,v2026.6.2,objeck-macos-arm64_2026.6.2.tgz,5
2026-08-17T05:26:40Z,v2026.6.2,objeck-windows-arm64_2026.6.2.msi,5
2026-08-17T05:26:40Z,v2026.6.2,objeck-windows-arm64_2026.6.2.zip,10
2026-08-17T05:26:40Z,v2026.6.2,objeck-windows-x64_2026.6.2.msi,5
2026-08-17T05:26:40Z,v2026.6.2,objeck-windows-x64_2026.6.2.zip,10
2026-08-17T05:26:40Z,v2026.6.3,objeck-linux-arm64_2026.6.3.tgz,5
2026-08-17T05:26:40Z,v2026.6.3,objeck-linux-x64_2026.6.3.tgz,6
2026-08-17T05:26:40Z,v2026.6.3,objeck-lsp_2026.6.3.zip,5
2026-08-17T05:26:40Z,v2026.6.3,objeck-macos-arm64_2026.6.3.pkg,5
2026-08-17T05:26:40Z,v2026.6.3,objeck-macos-arm64_2026.6.3.tgz,5
2026-08-17T05:26:40Z,v2026.6.3,objeck-windows-arm64_2026.6.3.msi,5
2026-08-17T05:26:40Z,v2026.6.3,objeck-windows-arm64_2026.6.3.zip,10
2026-08-17T05:26:40Z,v2026.6.3,objeck-windows-x64_2026.6.3.msi,5
2026-08-17T05:26:40Z,v2026.6.3,objeck-windows-x64_2026.6.3.zip,10
2026-08-17T05:26:40Z,v2026.6.4,objeck-linux-arm64_2026.6.4.tgz,6
2026-08-17T05:26:40Z,v2026.6.4,objeck-linux-x64_2026.6.4.tgz,18
2026-08-17T05:26:40Z,v2026.6.4,objeck-lsp_2026.6.4.zip,17
2026-08-17T05:26:40Z,v2026.6.4,objeck-macos-arm64_2026.6.4.pkg,9
2026-08-17T05:26:40Z,v2026.6.4,objeck-macos-arm64_2026.6.4.tgz,9
2026-08-17T05:26:40Z,v2026.6.4,objeck-windows-arm64_2026.6.4.msi,17
2026-08-17T05:26:40Z,v2026.6.4,objeck-windows-arm64_2026.6.4.zip,21
2026-08-17T05:26:40Z,v2026.6.4,objeck-windows-x64_2026.6.4.msi,20
2026-08-17T05:26:40Z,v2026.6.4,objeck-windows-x64_2026.6.4.zip,24
2026-08-17T05:26:40Z,v2026.8.2,SHA256SUMS,5
2026-08-17T05:26:40Z,v2026.8.2,objeck-linux-arm64_2026.8.2.tgz,5
2026-08-17T05:26:40Z,v2026.8.2,objeck-linux-x64_2026.8.2.tgz,5
2026-08-17T05:26:40Z,v2026.8.2,objeck-lsp_2026.8.2.zip,5
2026-08-17T05:26:40Z,v2026.8.2,objeck-macos-arm64_2026.8.2.pkg,5
2026-08-17T05:26:40Z,v2026.8.2,objeck-macos-arm64_2026.8.2.tgz,5
2026-08-17T05:26:40Z,v2026.8.2,objeck-windows-arm64_2026.8.2.msi,5
2026-08-17T05:26:40Z,v2026.8.2,objeck-windows-arm64_2026.8.2.zip,10
2026-08-17T05:26:40Z,v2026.8.2,objeck-windows-x64_2026.8.2.msi,5
2026-08-17T05:26:40Z,v2026.8.2,objeck-windows-x64_2026.8.2.zip,10
2026-08-17T05:26:40Z,v3.3.6-1,objeck-lang_3.3.6-1-1_amd64.deb,12
2026-08-17T05:26:40Z,v3.3.6-1,objeck-lang_3.3.6-1-1_i386.deb,9
2026-08-17T05:26:40Z,v3.3.6-1,objeck-lang_3.3.6-1-linux32.tgz,8
2026-08-17T05:26:40Z,v3.3.6-1,objeck-lang_3.3.6-1_linux64.tgz,10
2026-08-17T05:26:40Z,v3.3.6-1,objeck-lang_3.3.6-1_osx.tgz,8
2026-08-17T05:26:40Z,v3.3.6-1,objeck-lang_3.3.6-1_win32.zip,11
2026-08-17T05:26:40Z,v6.0.2,objeck-linux-amd64_6.0.2.tgz,3
2026-08-17T05:26:40Z,v6.0.2,objeck-linux-ia32_6.0.2.tgz,3
2026-08-17T05:26:40Z,v6.0.2,objeck-linux-rpi4_6.0.2.tgz,3
2026-08-17T05:26:40Z,v6.0.2,objeck-macos-arm64_6.0.2.tgz,4
2026-08-17T05:26:40Z,v6.0.2,objeck-macos-x64_6.0.2.tgz,3
2026-08-17T05:26:40Z,v6.0.2,objeck-win32_6.0.2.msi,7
2026-08-17T05:26:40Z,v6.0.2,objeck-win32_6.0.2.zip,17
2026-08-17T05:26:40Z,v6.0.2,objeck-win64_6.0.2.msi,8
2026-08-17T05:26:40Z,v6.0.2,objeck-win64_6.0.2.zip,9
2026-08-17T05:26:40Z,v6.8.1,objeck-linux-arm64_6.8.1.tgz,10
2026-08-17T05:26:40Z,v6.8.1,objeck-linux-x64_6.8.1.tgz,11
2026-08-17T05:26:40Z,v6.8.1,objeck-macos-arm64_6.8.1.tgz,10
2026-08-17T05:26:40Z,v6.8.1,objeck-macos-x64_6.8.1.tgz,10
2026-08-17T05:26:40Z,v6.8.1,objeck-windows-x64_6.8.1.msi,12
2026-08-17T05:26:40Z,v6.8.1,objeck-windows-x64_6.8.1.zip,11
2026-08-17T05:26:40Z,v6.8.2,objeck-linux-arm64_6.8.2.tgz,10
2026-08-17T05:26:40Z,v6.8.2,objeck-linux-x64_6.8.2.tgz,10
2026-08-17T05:26:40Z,v6.8.2,objeck-macos-arm64_6.8.2.tgz,9
2026-08-17T05:26:40Z,v6.8.2,objeck-macos-x64_6.8.2.tgz,8
2026-08-17T05:26:40Z,v6.8.2,objeck-windows-x64_6.8.2.msi,12
2026-08-17T05:26:40Z,v6.8.2,objeck-windows-x64_6.8.2.zip,13
2026-08-17T05:26:40Z,v6.8.2,readme.txt,5
2026-08-17T05:26:40Z,v6.8.3,objeck-linux-arm64_v6.8.3.tgz,78
2026-08-17T05:26:40Z,v6.8.3,objeck-linux-x64_v6.8.3.tgz,82
2026-08-17T05:26:40Z,v6.8.3,objeck-lsp-6.8.3.zip,81
2026-08-17T05:26:40Z,v6.8.3,objeck-macos-arm64_v6.8.3.tgz,83
2026-08-17T05:26:40Z,v6.8.3,objeck-macos-x64_v6.8.3.tgz,73
2026-08-17T05:26:40Z,v6.8.3,objeck-windows-x64_v6.8.3.msi,91
2026-08-17T05:26:40Z,v6.8.3,objeck-windows-x64_v6.8.3.zip,99
2026-08-17T05:26:40Z,v6.8.4,objeck-linux-arm64_v6.8.4.tgz,51
2026-08-17T05:26:40Z,v6.8.4,objeck-linux-x64_v6.8.4.tgz,53
2026-08-17T05:26:40Z,v6.8.4,objeck-lsp-6.8.4.zip,51
2026-08-17T05:26:40Z,v6.8.4,objeck-macos-arm64_v6.8.4.tgz,50
2026-08-17T05:26:40Z,v6.8.4,objeck-macos-x64_v6.8.4.tgz,48
2026-08-17T05:26:40Z,v6.8.4,objeck-windows-x64_v6.8.4.msi,49
2026-08-17T05:26:40Z,v6.8.4,objeck-windows-x64_v6.8.4.zip,52
2026-08-17T05:26:40Z,v6.8.5,objeck-linux-arm64_v6.8.5.tgz,9
2026-08-17T05:26:40Z,v6.8.5,objeck-linux-x64_v6.8.5.tgz,12
2026-08-17T05:26:40Z,v6.8.5,objeck-macos-arm64_v6.8.5.tgz,9
2026-08-17T05:26:40Z,v6.8.5,objeck-macos-x64_v6.8.5.tgz,10
2026-08-17T05:26:40Z,v6.8.5,objeck-windows-x64_v6.8.5.msi,12
2026-08-17T05:26:40Z,v6.8.5,objeck-windows-x64_v6.8.5.zip,12
2026-08-17T05:26:40Z,v6.8.6,objeck-linux-arm64_v6.8.6.tgz,48
2026-08-17T05:26:40Z,v6.8.6,objeck-linux-x64_v6.8.6.tgz,49
2026-08-17T05:26:40Z,v6.8.6,objeck-lsp-6.8.6.zip,52
2026-08-17T05:26:40Z,v6.8.6,objeck-macos-arm64_v6.8.6.tgz,46
2026-08-17T05:26:40Z,v6.8.6,objeck-macos-x64_v6.8.6.tgz,47
2026-08-17T05:26:40Z,v6.8.6,objeck-windows-x64_v6.8.6.msi,49
2026-08-17T05:26:40Z,v6.8.6,objeck-windows-x64_v6.8.6.zip,49
2026-08-17T05:26:40Z,v6.9.0,objeck-linux-arm64_6.9.0.tgz,3
2026-08-17T05:26:40Z,v6.9.0,objeck-linux-x64_6.9.0.tgz,4
2026-08-17T05:26:40Z,v6.9.0,objeck-lsp-6.9.0.zip,4
2026-08-17T05:26:40Z,v6.9.0,objeck-macos-arm64_6.9.0.tgz,3
2026-08-17T05:26:40Z,v6.9.0,objeck-macos-x64_6.9.0.tgz,6
2026-08-17T05:26:40Z,v6.9.0,objeck-windows-x64_6.9.0.msi,5
2026-08-17T05:26:40Z,v6.9.0,objeck-windows-x64_6.9.0.zip,6
2026-08-17T05:26:40Z,v6.9.1,objeck-linux-arm64_6.9.1.tgz,11
2026-08-17T05:26:40Z,v6.9.1,objeck-linux-x64_6.9.1.tgz,11
2026-08-17T05:26:40Z,v6.9.1,objeck-macos-arm64_6.9.1.tgz,12
2026-08-17T05:26:40Z,v6.9.1,objeck-macos-x64_6.9.1.tgz,9
2026-08-17T05:26:40Z,v6.9.1,objeck-windows-x64_6.9.1.msi,15
2026-08-17T05:26:40Z,v6.9.1,objeck-windows-x64_6.9.1.zip,20
2026-08-24T05:32:13Z,v2023.1.0,objeck-linux-arm64_2023.1.0.tgz,9
2026-08-24T05:32:13Z,v2023.1.0,objeck-linux-x64_2023.1.0.tgz,11
2026-08-24T05:32:13Z,v2023.1.0,objeck-macos-arm64_2023.1.0.tgz,12
2026-08-24T05:32:13Z,v2023.1.0,objeck-macos-x64_2023.1.0.tgz,13
2026-08-24T05:32:13Z,v2023.1.0,objeck-windows-x64_2023.1.0.msi,13
2026-08-24T05:32:13Z,v2023.1.0,objeck-windows-x64_2023.1.0.zip,14
2026-08-24T05:32:13Z,v2023.1.0,readme.txt,6
2026-08-24T05:32:13Z,v2023.1.1,objeck-linux-x64_2023.1.1.tgz,11
2026-08-24T05:32:13Z,v2023.1.1,objeck-macos-arm64_2023.1.1.tgz,11
2026-08-24T05:32:13Z,v2023.1.1,objeck-macos-x64_2023.1.1.tgz,13
2026-08-24T05:32:13Z,v2023.1.1,objeck-windows-x64_2023.1.1.msi,15
2026-08-24T05:32:13Z,v2023.1.1,objeck-windows-x64_2023.1.1.zip,12
2026-08-24T05:32:13Z,v2023.1.1,readme.txt,7
2026-08-24T05:32:13Z,v2023.1.2,objeck-linux-arm64_2023.1.2.tgz,218
2026-08-24T05:32:13Z,v2023.1.2,objeck-linux-x64_2023.1.2.tgz,204
2026-08-24T05:32:13Z,v2023.1.2,objeck-macos-arm64_2023.1.2.tgz,216
2026-08-24T05:32:13Z,v2023.1.2,objeck-macos-x64_2023.1.2.tgz,145
2026-08-24T05:32:13Z,v2023.1.2,objeck-windows-x64_2023.1.2.msi,222
2026-08-24T05:32:13Z,v2023.1.2,objeck-windows-x64_2023.1.2.zip,206
2026-08-24T05:32:13Z,v2023.10.0,objeck-linux-arm64_2023.10.0.tgz,11
2026-08-24T05:32:13Z,v2023.10.0,objeck-linux-x64_2023.10.0.tgz,10
2026-08-24T05:32:13Z,v2023.10.0,objeck-macos-arm64_2023.10.0.tgz,10
2026-08-24T05:32:13Z,v2023.10.0,objeck-windows-x64_2023.10.0.msi,14
2026-08-24T05:32:13Z,v2023.10.0,objeck-windows-x64_2023.10.0.zip,13
2026-08-24T05:32:13Z,v2023.11.0,objeck-linux-arm64_0.0.0.tgz,14
2026-08-24T05:32:13Z,v2023.11.0,objeck-linux-x64_0.0.0.tgz,12
2026-08-24T05:32:13Z,v2023.11.0,objeck-macos-arm64_0.0.0.tgz,13
2026-08-24T05:32:13Z,v2023.11.0,objeck-windows-x64_0.0.0.msi,16
2026-08-24T05:32:13Z,v2023.11.0,objeck-windows-x64_0.0.0.zip,14
2026-08-24T05:32:13Z,v2023.11.1,objeck-linux-arm64_v2023.11.1.tgz,10
2026-08-24T05:32:13Z,v2023.11.1,objeck-linux-x64_v2023.11.1.tgz,12
2026-08-24T05:32:13Z,v2023.11.1,objeck-macos-arm64_v2023.11.1.tgz,11
2026-08-24T05:32:13Z,v2023.11.1,objeck-windows-x64_v2023.11.1.msi,13
2026-08-24T05:32:13Z,v2023.11.1,objeck-windows-x64_v2023.11.1.zip,14
2026-08-24T05:32:13Z,v2023.11.2,objeck-linux-arm64_v2023.11.2.tgz,10
2026-08-24T05:32:13Z,v2023.11.2,objeck-linux-x64_v2023.11.2.tgz,10
2026-08-24T05:32:13Z,v2023.11.2,objeck-macos-arm64_v2023.11.2.tgz,11
2026-08-24T05:32:13Z,v2023.11.2,objeck-windows-x64_v2023.11.2.msi,1536
2026-08-24T05:32:13Z,v2023.11.2,objeck-windows-x64_v2023.11.2.zip,18
2026-08-24T05:32:13Z,v2023.12.0,objeck-linux-arm64_2023.12.0.tgz,9
2026-08-24T05:32:13Z,v2023.12.0,objeck-linux-x64_2023.12.0.tgz,10
2026-08-24T05:32:13Z,v2023.12.0,objeck-macos-arm64_2023.12.0.tgz,9
2026-08-24T05:32:13Z,v2023.12.0,objeck-windows-x64_2023.12.0.msi,1412
2026-08-24T05:32:13Z,v2023.12.0,objeck-windows-x64_2023.12.0.zip,14
2026-08-24T05:32:13Z,v2023.2.0,objeck-linux-arm64_2023.2.0.tgz,11
2026-08-24T05:32:13Z,v2023.2.0,objeck-linux-x64_2023.2.0.tgz,9
2026-08-24T05:32:13Z,v2023.2.0,objeck-macos-arm64_2023.2.0.tgz,12
2026-08-24T05:32:13Z,v2023.2.0,objeck-macos-x64_2023.2.0.tgz,11
2026-08-24T05:32:13Z,v2023.2.0,objeck-windows-x64_2023.2.0.msi,15
2026-08-24T05:32:13Z,v2023.2.0,objeck-windows-x64_2023.2.0.zip,13
2026-08-24T05:32:13Z,v2023.2.1,objeck-linux-arm64_2023.2.1.tgz,10
2026-08-24T05:32:13Z,v2023.2.1,objeck-linux-x64_2023.2.1.tgz,11
2026-08-24T05:32:13Z,v2023.2.1,objeck-macos-arm64_2023.2.1.tgz,11
2026-08-24T05:32:13Z,v2023.2.1,objeck-macos-x64_2023.2.1.tgz,10
2026-08-24T05:32:13Z,v2023.2.1,objeck-windows-x64_2023.2.1.msi,12
2026-08-24T05:32:13Z,v2023.2.1,objeck-windows-x64_2023.2.1.zip,14
2026-08-24T05:32:13Z,v2023.2.2,objeck-linux-arm64_2023.2.2.tgz,10
2026-08-24T05:32:13Z,v2023.2.2,objeck-linux-x64_2023.2.2.tgz,12
2026-08-24T05:32:13Z,v2023.2.2,objeck-macos-arm64_2023.2.2.tgz,10
2026-08-24T05:32:13Z,v2023.2.2,objeck-macos-x64_2023.2.2.tgz,10
2026-08-24T05:32:13Z,v2023.2.2,objeck-windows-x64_2023.2.2.msi,14
2026-08-24T05:32:13Z,v2023.2.2,objeck-windows-x64_2023.2.2.zip,13
2026-08-24T05:32:13Z,v2023.2.3,objeck-linux-arm64_2023.2.3.tgz,14
2026-08-24T05:32:13Z,v2023.2.3,objeck-linux-x64_2023.2.3.tgz,15
2026-08-24T05:32:13Z,v2023.2.3,objeck-macos-arm64_2023.2.3.tgz,13
2026-08-24T05:32:13Z,v2023.2.3,objeck-macos-x64_2023.2.3.tgz,15
2026-08-24T05:32:13Z,v2023.2.3,objeck-windows-x64_2023.2.3.msi,14
2026-08-24T05:32:13Z,v2023.2.3,objeck-windows-x64_2023.2.3.zip,16
2026-08-24T05:32:13Z,v2023.3.0,objeck-linux-arm64_2023.3.0.tgz,6
2026-08-24T05:32:13Z,v2023.3.0,objeck-linux-x64_2023.3.0.tgz,8
2026-08-24T05:32:13Z,v2023.3.0,objeck-macos-arm64_2023.3.0.tgz,6
2026-08-24T05:32:13Z,v2023.3.0,objeck-macos-x64_2023.3.0.tgz,6
2026-08-24T05:32:13Z,v2023.3.0,objeck-windows-x64_2023.3.0.msi,8
2026-08-24T05:32:13Z,v2023.3.0,objeck-windows-x64_2023.3.0.zip,9
2026-08-24T05:32:13Z,v2023.3.1,objeck-linux-arm64_2023.3.1.tgz,13
2026-08-24T05:32:13Z,v2023.3.1,objeck-linux-x64_2023.3.1.tgz,18
2026-08-24T05:32:13Z,v2023.3.1,objeck-macos-arm64_2023.3.1.tgz,16
2026-08-24T05:32:13Z,v2023.3.1,objeck-macos-x64_2023.3.1.tgz,14
2026-08-24T05:32:13Z,v2023.3.1,objeck-windows-x64_2023.3.1.msi,15
2026-08-24T05:32:13Z,v2023.3.1,objeck-windows-x64_2023.3.1.zip,19
2026-08-24T05:32:13Z,v2023.4.0,objeck-linux-arm64_2023.4.0.tgz,13
2026-08-24T05:32:13Z,v2023.4.0,objeck-linux-x64_2023.4.0.tgz,13
2026-08-24T05:32:13Z,v2023.4.0,objeck-macos-arm64_2023.4.0.tgz,13
2026-08-24T05:32:13Z,v2023.4.0,objeck-macos-x64_2023.4.0.tgz,13
2026-08-24T05:32:13Z,v2023.4.0,objeck-windows-x64_2023.4.0.msi,15
2026-08-24T05:32:13Z,v2023.4.0,objeck-windows-x64_2023.4.0.zip,177
2026-08-24T05:32:13Z,v2023.4.1,objeck-linux-arm64_2023.4.1.tgz,14
2026-08-24T05:32:13Z,v2023.4.1,objeck-linux-x64_2023.4.1.tgz,15
2026-08-24T05:32:13Z,v2023.4.1,objeck-macos-arm64_2023.4.1.tgz,14
2026-08-24T05:32:13Z,v2023.4.1,objeck-macos-x64_2023.4.1.tgz,15
2026-08-24T05:32:13Z,v2023.4.1,objeck-windows-x64_2023.4.1.msi,17
2026-08-24T05:32:13Z,v2023.4.1,objeck-windows-x64_2023.4.1.zip,22
2026-08-24T05:32:13Z,v2023.4.2,objeck-linux-arm64_2023.4.2.tgz,130
2026-08-24T05:32:13Z,v2023.4.2,objeck-linux-x64_2023.4.2.tgz,130
2026-08-24T05:32:13Z,v2023.4.2,objeck-macos-arm64_2023.4.2.tgz,129
2026-08-24T05:32:13Z,v2023.4.2,objeck-macos-x64_2023.4.2.tgz,130
2026-08-24T05:32:13Z,v2023.4.2,objeck-windows-x64_2023.4.2.msi,132
2026-08-24T05:32:13Z,v2023.4.2,objeck-windows-x64_2023.4.2.zip,137
2026-08-24T05:32:13Z,v2023.5.0,objeck-linux-arm64_2023.5.0.tgz,6
2026-08-24T05:32:13Z,v2023.5.0,objeck-linux-x64_2023.5.0.tgz,8
2026-08-24T05:32:13Z,v2023.5.0,objeck-macos-arm64_2023.5.0.tgz,7
2026-08-24T05:32:13Z,v2023.5.0,objeck-macos-x64_2023.5.0.tgz,6
2026-08-24T05:32:13Z,v2023.5.0,objeck-windows-x64_2023.5.0.msi,11
2026-08-24T05:32:13Z,v2023.5.0,objeck-windows-x64_2023.5.0.zip,13
2026-08-24T05:32:13Z,v2023.5.1,objeck-linux-arm64_2023.5.1.tgz,12
2026-08-24T05:32:13Z,v2023.5.1,objeck-linux-x64_2023.5.1.tgz,11
2026-08-24T05:32:13Z,v2023.5.1,objeck-macos-arm64_2023.5.1.tgz,12
2026-08-24T05:32:13Z,v2023.5.1,objeck-macos-x64_2023.5.1.tgz,11
2026-08-24T05:32:13Z,v2023.5.1,objeck-windows-x64_2023.5.1.msi,13
2026-08-24T05:32:13Z,v2023.5.1,objeck-windows-x64_2023.5.1.zip,15
2026-08-24T05:32:13Z,v2023.5.2,objeck-linux-arm64_2023.5.2.tgz,13
2026-08-24T05:32:13Z,v2023.5.2,objeck-linux-x64_2023.5.2.tgz,13
2026-08-24T05:32:13Z,v2023.5.2,objeck-macos-arm64_2023.5.2.tgz,12
2026-08-24T05:32:13Z,v2023.5.2,objeck-macos-x64_2023.5.2.tgz,12
2026-08-24T05:32:13Z,v2023.5.2,objeck-windows-x64_2023.5.2.msi,15
2026-08-24T05:32:13Z,v2023.5.2,objeck-windows-x64_2023.5.2.zip,16
2026-08-24T05:32:13Z,v2023.6.1,objeck-linux-arm64_2023.6.1.tgz,9
2026-08-24T05:32:13Z,v2023.6.1,objeck-linux-x64_2023.6.1.tgz,10
2026-08-24T05:32:13Z,v2023.6.1,objeck-macos-arm64_2023.6.1.tgz,9
2026-08-24T05:32:13Z,v2023.6.1,objeck-windows-x64_2023.6.1.msi,9
2026-08-24T05:32:13Z,v2023.6.1,objeck-windows-x64_2023.6.1.zip,12
2026-08-24T05:32:13Z,v2023.6.2,objeck-linux-arm64_2023.6.2.tgz,10
2026-08-24T05:32:13Z,v2023.6.2,objeck-linux-x64_2023.6.2.tgz,10
2026-08-24T05:32:13Z,v2023.6.2,objeck-macos-arm64_2023.6.2.tgz,11
2026-08-24T05:32:13Z,v2023.6.2,objeck-windows-x64_2023.6.2.msi,13
2026-08-24T05:32:13Z,v2023.6.2,objeck-windows-x64_2023.6.2.zip,15
2026-08-24T05:32:13Z,v2023.7.0,objeck-linux-arm64_2023.7.0.tgz,9
2026-08-24T05:32:13Z,v2023.7.0,objeck-linux-x64_2023.7.0.tgz,10
2026-08-24T05:32:13Z,v2023.7.0,objeck-macos-arm64_2023.7.0.tgz,9
2026-08-24T05:32:13Z,v2023.7.0,objeck-windows-x64_2023.7.0.msi,10
2026-08-24T05:32:13Z,v2023.7.0,objeck-windows-x64_2023.7.0.zip,10
2026-08-24T05:32:13Z,v2023.7.2,objeck-linux-arm64_2023.7.2.tgz,9
2026-08-24T05:32:13Z,v2023.7.2,objeck-linux-x64_2023.7.2.tgz,9
2026-08-24T05:32:13Z,v2023.7.2,objeck-macos-arm64_2023.7.2.tgz,10
2026-08-24T05:32:13Z,v2023.7.2,objeck-windows-x64_2023.7.2.msi,17
2026-08-24T05:32:13Z,v2023.7.2,objeck-windows-x64_2023.7.2.zip,18
2026-08-24T05:32:13Z,v2023.7.3,objeck-linux-arm64_2023.7.3.tgz,9
2026-08-24T05:32:13Z,v2023.7.3,objeck-linux-x64_2023.7.3.tgz,9
2026-08-24T05:32:13Z,v2023.7.3,objeck-macos-arm64_2023.7.3.tgz,10
2026-08-24T05:32:13Z,v2023.7.3,objeck-windows-x64_2023.7.3.msi,11
2026-08-24T05:32:13Z,v2023.7.3,objeck-windows-x64_2023.7.3.zip,12
2026-08-24T05:32:13Z,v2023.7.4,objeck-linux-arm64_v2023.7.4.tgz,9
2026-08-24T05:32:13Z,v2023.7.4,objeck-linux-x64_v2023.7.4.tgz,9
2026-08-24T05:32:13Z,v2023.7.4,objeck-macos-arm64_v2023.7.4.tgz,9
2026-08-24T05:32:13Z,v2023.7.4,objeck-windows-x64_v2023.7.4.msi,12
2026-08-24T05:32:13Z,v2023.7.4,objeck-windows-x64_v2023.7.4.zip,14
2026-08-24T05:32:13Z,v2023.7.5,objeck-linux-arm64_2023.7.5.tgz,9
2026-08-24T05:32:13Z,v2023.7.5,objeck-linux-x64_2023.7.5.tgz,10
2026-08-24T05:32:13Z,v2023.7.5,objeck-macos-arm64_2023.7.5.tgz,10
2026-08-24T05:32:13Z,v2023.7.5,objeck-windows-x64_2023.7.5.msi,11
2026-08-24T05:32:13Z,v2023.7.5,objeck-windows-x64_2023.7.5.zip,12
2026-08-24T05:32:13Z,v2023.8.0,objeck-linux-arm64_2023.8.0.tgz,9
2026-08-24T05:32:13Z,v2023.8.0,objeck-linux-x64_2023.8.0.tgz,9
2026-08-24T05:32:13Z,v2023.8.0,objeck-macos-arm64_2023.8.0.tgz,9
2026-08-24T05:32:13Z,v2023.8.0,objeck-windows-x64_2023.8.0.msi,15
2026-08-24T05:32:13Z,v2023.8.0,objeck-windows-x64_2023.8.0.zip,14
2026-08-24T05:32:13Z,v2023.8.1,objeck-linux-arm64_2023.8.1.tgz,9
2026-08-24T05:32:13Z,v2023.8.1,objeck-linux-x64_2023.8.1.tgz,9
2026-08-24T05:32:13Z,v2023.8.1,objeck-macos-arm64_2023.8.1.tgz,9
2026-08-24T05:32:13Z,v2023.8.1,objeck-windows-x64_2023.8.1.msi,10
2026-08-24T05:32:13Z,v2023.8.1,objeck-windows-x64_2023.8.1.zip,14
2026-08-24T05:32:13Z,v2023.8.2,objeck-linux-arm64_2023.8.2.tgz,14
2026-08-24T05:32:13Z,v2023.8.2,objeck-linux-x64_2023.8.2.tgz,11
2026-08-24T05:32:13Z,v2023.8.2,objeck-macos-arm64_2023.8.2.tgz,11
2026-08-24T05:32:13Z,v2023.8.2,objeck-windows-x64_2023.8.2.msi,12
2026-08-24T05:32:13Z,v2023.8.2,objeck-windows-x64_2023.8.2.zip,18
2026-08-24T05:32:13Z,v2023.9.1,objeck-linux-arm64_2023.9.1.tgz,13
2026-08-24T05:32:13Z,v2023.9.1,objeck-linux-x64_2023.9.1.tgz,13
2026-08-24T05:32:13Z,v2023.9.1,objeck-macos-arm64_2023.9.1.tgz,18
2026-08-24T05:32:13Z,v2023.9.1,objeck-windows-x64_2023.9.1.msi,17
2026-08-24T05:32:13Z,v2023.9.1,objeck-windows-x64_2023.9.1.zip,18
2026-08-24T05:32:13Z,v2024.10.0,objeck-linux-arm64_2024.10.0.tgz,6
2026-08-24T05:32:13Z,v2024.10.0,objeck-linux-x64_2024.10.0.tgz,12
2026-08-24T05:32:13Z,v2024.10.0,objeck-macos-arm64_2024.10.0.tgz,6
2026-08-24T05:32:13Z,v2024.10.0,objeck-windows-x64_2024.10.0.msi,7
2026-08-24T05:32:13Z,v2024.10.0,objeck-windows-x64_2024.10.0.zip,31
2026-08-24T05:32:13Z,v2024.2.0,objeck-linux-arm64_2024.2.0.tgz,10
2026-08-24T05:32:13Z,v2024.2.0,objeck-linux-x64_2024.2.0.tgz,10
2026-08-24T05:32:13Z,v2024.2.0,objeck-macos-arm64_2024.2.0.tgz,9
2026-08-24T05:32:13Z,v2024.2.0,objeck-windows-x64_2024.2.0.msi,1391
2026-08-24T05:32:13Z,v2024.2.0,objeck-windows-x64_2024.2.0.zip,12
2026-08-24T05:32:13Z,v2024.2.1,objeck-linux-arm64_2024.2.1.tgz,11
2026-08-24T05:32:13Z,v2024.2.1,objeck-linux-x64_2024.2.1.tgz,16
2026-08-24T05:32:13Z,v2024.2.1,objeck-macos-arm64_2024.2.1.tgz,10
2026-08-24T05:32:13Z,v2024.2.1,objeck-windows-x64_2024.2.1.msi,1359
2026-08-24T05:32:13Z,v2024.2.1,objeck-windows-x64_2024.2.1.zip,13
2026-08-24T05:32:13Z,v2024.3.0,objeck-linux-arm64_0.0.0.tgz,6
2026-08-24T05:32:13Z,v2024.3.0,objeck-linux-x64_0.0.0.tgz,6
2026-08-24T05:32:13Z,v2024.3.0,objeck-lsp-2024.3.0.zip,10
2026-08-24T05:32:13Z,v2024.3.0,objeck-macos-arm64_0.0.0.tgz,6
2026-08-24T05:32:13Z,v2024.3.0,objeck-windows-x64_0.0.0.msi,1308
2026-08-24T05:32:13Z,v2024.3.0,objeck-windows-x64_0.0.0.zip,11
2026-08-24T05:32:13Z,v2024.3.0,readme.txt,3
2026-08-24T05:32:13Z,v2024.4.1,objeck-linux-arm64_2024.4.1.tgz,6
2026-08-24T05:32:13Z,v2024.4.1,objeck-linux-x64_2024.4.1.tgz,6
2026-08-24T05:32:13Z,v2024.4.1,objeck-macos-arm64_2024.4.1.tgz,6
2026-08-24T05:32:13Z,v2024.4.1,objeck-windows-x64_2024.4.1.msi,1541
2026-08-24T05:32:13Z,v2024.4.1,objeck-windows-x64_2024.4.1.zip,27
2026-08-24T05:32:13Z,v2024.5.0,objeck-linux-arm64_2024.5.0.tgz,11
2026-08-24T05:32:13Z,v2024.5.0,objeck-linux-x64_2024.5.0.tgz,11
2026-08-24T05:32:13Z,v2024.5.0,objeck-macos-arm64_2024.5.0.tgz,11
2026-08-24T05:32:13Z,v2024.5.0,objeck-windows-x64_2024.5.0.msi,14
2026-08-24T05:32:13Z,v2024.5.0,objeck-windows-x64_2024.5.0.zip,15
2026-08-24T05:32:13Z,v2024.5.0,readme.txt,7
2026-08-24T05:32:13Z,v2024.6.0,objeck-linux-arm64_2024.6.0.tgz,12
2026-08-24T05:32:13Z,v2024.6.0,objeck-linux-x64_2024.6.0.tgz,12
2026-08-24T05:32:13Z,v2024.6.0,objeck-macos-arm64_2024.6.0.tgz,12
2026-08-24T05:32:13Z,v2024.6.0,objeck-windows-x64_2024.6.0.msi,16
2026-08-24T05:32:13Z,v2024.6.0,objeck-windows-x64_2024.6.0.zip,18
2026-08-24T05:32:13Z,v2024.7.1,objeck-linux-arm64_2024.7.1.tgz,10
2026-08-24T05:32:13Z,v2024.7.1,objeck-linux-x64_2024.7.1.tgz,11
2026-08-24T05:32:13Z,v2024.7.1,objeck-macos-arm64_2024.7.1.tgz,10
2026-08-24T05:32:13Z,v2024.7.1,objeck-windows-x64_2024.7.1.msi,14
2026-08-24T05:32:13Z,v2024.7.1,objeck-windows-x64_2024.7.1.zip,13
2026-08-24T05:32:13Z,v2024.8.0,objeck-linux-arm64_2024.8.0.tgz,12
2026-08-24T05:32:13Z,v2024.8.0,objeck-linux-x64_2024.8.0.tgz,8
2026-08-24T05:32:13Z,v2024.8.0,objeck-macos-arm64_2024.8.0.tgz,9
2026-08-24T05:32:13Z,v2024.8.0,objeck-windows-x64_2024.8.0.msi,8
2026-08-24T05:32:13Z,v2024.8.0,objeck-windows-x64_2024.8.0.zip,14
2026-08-24T05:32:13Z,v2024.9.0,objeck-linux-arm64_2024.9.0.tgz,11
2026-08-24T05:32:13Z,v2024.9.0,objeck-linux-x64_2024.9.0.tgz,11
2026-08-24T05:32:13Z,v2024.9.0,objeck-macos-arm64_2024.9.0.tgz,11
2026-08-24T05:32:13Z,v2024.9.0,objeck-windows-x64_2024.9.0.msi,11
2026-08-24T05:32:13Z,v2024.9.0,objeck-windows-x64_2024.9.0.zip,17
2026-08-24T05:32:13Z,v2025.1.1,objeck-linux-arm64_2025.1.1.tgz,11
2026-08-24T05:32:13Z,v2025.1.1,objeck-linux-x64_2025.1.1.tgz,12
2026-08-24T05:32:13Z,v2025.1.1,objeck-lsp-2025.1.1.zip,11
2026-08-24T05:32:13Z,v2025.1.1,objeck-windows-arm64_2025.1.1_beta.msi,7
2026-08-24T05:32:13Z,v2025.1.1,objeck-windows-arm64_2025.1.1_beta.zip,6
2026-08-24T05:32:13Z,v2025.1.1,objeck-windows-x64_2025.1.1.msi,12
2026-08-24T05:32:13Z,v2025.1.1,objeck-windows-x64_2025.1.1.zip,17
2026-08-24T05:32:13Z,v2025.2.2,objeck-linux-arm64_2025.2.2.tgz,7
2026-08-24T05:32:13Z,v2025.2.2,objeck-linux-x64_2025.2.2.tgz,12
2026-08-24T05:32:13Z,v2025.2.2,objeck-lsp-2025.2.2.zip,8
2026-08-24T05:32:13Z,v2025.2.2,objeck-macos-arm64_2025.2.2.tgz,7
2026-08-24T05:32:13Z,v2025.2.2,objeck-windows-arm64_2025.2.2.msi,7
2026-08-24T05:32:13Z,v2025.2.2,objeck-windows-arm64_2025.2.2.zip,7
2026-08-24T05:32:13Z,v2025.2.2,objeck-windows-x64_2025.2.2.msi,8
2026-08-24T05:32:13Z,v2025.2.2,objeck-windows-x64_2025.2.2.zip,9
2026-08-24T05:32:13Z,v2025.6.2,objeck-linux-arm64_v2025.6.2.tgz,16
2026-08-24T05:32:13Z,v2025.6.2,objeck-linux-x64_v2025.6.2.tgz,17
2026-08-24T05:32:13Z,v2025.6.2,objeck-lsp-2025.6.2.zip,8
2026-08-24T05:32:13Z,v2025.6.2,objeck-macos-arm64_v2025.6.2.tgz,15
2026-08-24T05:32:13Z,v2025.6.2,objeck-windows-arm64_v2025.6.2.msi,16
2026-08-24T05:32:13Z,v2025.6.2,objeck-windows-arm64_v2025.6.2.zip,15
2026-08-24T05:32:13Z,v2025.6.2,objeck-windows-x64_v2025.6.2.msi,19
2026-08-24T05:32:13Z,v2025.6.2,objeck-windows-x64_v2025.6.2.zip,18
2026-08-24T05:32:13Z,v2025.7.0,objeck-linux-arm64_v2025.7.0.tgz,18
2026-08-24T05:32:13Z,v2025.7.0,objeck-linux-x64_v2025.7.0.tgz,12
2026-08-24T05:32:13Z,v2025.7.0,objeck-lsp-2025.7.0.zip,14
2026-08-24T05:32:13Z,v2025.7.0,objeck-macos-arm64_v2025.7.0.tgz,6
2026-08-24T05:32:13Z,v2025.7.0,objeck-windows-arm64_v2025.7.0.msi,8
2026-08-24T05:32:13Z,v2025.7.0,objeck-windows-arm64_v2025.7.0.zip,8
2026-08-24T05:32:13Z,v2025.7.0,objeck-windows-x64_v2025.7.0.msi,10
2026-08-24T05:32:13Z,v2025.7.0,objeck-windows-x64_v2025.7.0.zip,19
2026-08-24T05:32:13Z,v2026.2.0,objeck-linux-x64_2026.2.0.tgz,12
2026-08-24T05:32:13Z,v2026.2.0,objeck-lsp_2026.2.0.zip,9
2026-08-24T05:32:13Z,v2026.2.0,objeck-macos-arm64_2026.2.0.tgz,6
2026-08-24T05:32:13Z,v2026.2.0,objeck-windows-arm64_2026.2.0.zip,7
2026-08-24T05:32:13Z,v2026.2.0,objeck-windows-x64_2026.2.0.msi,30
2026-08-24T05:32:13Z,v2026.2.0,objeck-windows-x64_2026.2.0.zip,10
2026-08-24T05:32:13Z,v2026.2.1,objeck-linux-arm64_2026.2.1.tgz,7
2026-08-24T05:32:13Z,v2026.2.1,objeck-linux-x64_2026.2.1.tgz,12
2026-08-24T05:32:13Z,v2026.2.1,objeck-lsp_2026.2.1.zip,7
2026-08-24T05:32:13Z,v2026.2.1,objeck-macos-arm64_2026.2.1.tgz,10
2026-08-24T05:32:13Z,v2026.2.1,objeck-windows-arm64_2026.2.1.msi,5
2026-08-24T05:32:13Z,v2026.2.1,objeck-windows-arm64_2026.2.1.zip,8
2026-08-24T05:32:13Z,v2026.2.1,objeck-windows-x64_2026.2.1.msi,8
2026-08-24T05:32:13Z,v2026.2.1,objeck-windows-x64_2026.2.1.zip,10
2026-08-24T05:32:13Z,v2026.4.0,objeck-linux-arm64_2026.4.0.tgz,9
2026-08-24T05:32:13Z,v2026.4.0,objeck-linux-x64_2026.4.0.tgz,12
2026-08-24T05:32:13Z,v2026.4.0,objeck-lsp_2026.4.0.zip,10
2026-08-24T05:32:13Z,v2026.4.0,objeck-macos-arm64_2026.4.0.pkg,13
2026-08-24T05:32:13Z,v2026.4.0,objeck-macos-arm64_2026.4.0.tgz,12
2026-08-24T05:32:13Z,v2026.4.0,objeck-windows-arm64_2026.4.0.msi,7
2026-08-24T05:32:13Z,v2026.4.0,objeck-windows-arm64_2026.4.0.zip,9
2026-08-24T05:32:13Z,v2026.4.0,objeck-windows-x64_2026.4.0.msi,8
2026-08-24T05:32:13Z,v2026.4.0,objeck-windows-x64_2026.4.0.zip,10
2026-08-24T05:32:13Z,v2026.4.1,objeck-linux-arm64_2026.4.1.tgz,10
2026-08-24T05:32:13Z,v2026.4.1,objeck-linux-x64_2026.4.1.tgz,8
2026-08-24T05:32:13Z,v2026.4.1,objeck-lsp_2026.4.1.zip,8
2026-08-24T05:32:13Z,v2026.4.1,objeck-macos-arm64_2026.4.1.pkg,9
2026-08-24T05:32:13Z,v2026.4.1,objeck-macos-arm64_2026.4.1.tgz,8
2026-08-24T05:32:13Z,v2026.4.1,objeck-windows-arm64_2026.4.1.msi,6
2026-08-24T05:32:13Z,v2026.4.1,objeck-windows-arm64_2026.4.1.zip,9
2026-08-24T05:32:13Z,v2026.4.1,objeck-windows-x64_2026.4.1.msi,6
2026-08-24T05:32:13Z,v2026.4.1,objeck-windows-x64_2026.4.1.zip,11
2026-08-24T05:32:13Z,v2026.4.2,objeck-linux-arm64_2026.4.2.tgz,9
2026-08-24T05:32:13Z,v2026.4.2,objeck-linux-x64_2026.4.2.tgz,9
2026-08-24T05:32:13Z,v2026.4.2,objeck-lsp_2026.4.2.zip,10
2026-08-24T05:32:13Z,v2026.4.2,objeck-macos-arm64_2026.4.2.pkg,10
2026-08-24T05:32:13Z,v2026.4.2,objeck-macos-arm64_2026.4.2.tgz,9
2026-08-24T05:32:13Z,v2026.4.2,objeck-windows-arm64_2026.4.2.msi,6
2026-08-24T05:32:13Z,v2026.4.2,objeck-windows-arm64_2026.4.2.zip,9
2026-08-24T05:32:13Z,v2026.4.2,objeck-windows-x64_2026.4.2.msi,6
2026-08-24T05:32:13Z,v2026.4.2,objeck-windows-x64_2026.4.2.zip,8
2026-08-24T05:32:13Z,v2026.4.3,objeck-linux-arm64_2026.4.3.tgz,6
2026-08-24T05:32:13Z,v2026.4.3,objeck-linux-x64_2026.4.3.tgz,10
2026-08-24T05:32:13Z,v2026.4.3,objeck-lsp_2026.4.3.zip,12
2026-08-24T05:32:13Z,v2026.4.3,objeck-macos-arm64_2026.4.3.pkg,9
2026-08-24T05:32:13Z,v2026.4.3,objeck-macos-arm64_2026.4.3.tgz,9
2026-08-24T05:32:13Z,v2026.4.3,objeck-windows-arm64_2026.4.3.msi,5
2026-08-24T05:32:13Z,v2026.4.3,objeck-windows-arm64_2026.4.3.zip,10
2026-08-24T05:32:13Z,v2026.4.3,objeck-windows-x64_2026.4.3.msi,7
2026-08-24T05:32:13Z,v2026.4.3,objeck-windows-x64_2026.4.3.zip,12
2026-08-24T05:32:13Z,v2026.5.2,objeck-linux-arm64_2026.5.2.tgz,10
2026-08-24T05:32:13Z,v2026.5.2,objeck-linux-x64_2026.5.2.tgz,7
2026-08-24T05:32:13Z,v2026.5.2,objeck-lsp_2026.5.2.zip,6
2026-08-24T05:32:13Z,v2026.5.2,objeck-macos-arm64_2026.5.2.pkg,7
2026-08-24T05:32:13Z,v2026.5.2,objeck-macos-arm64_2026.5.2.tgz,8
2026-08-24T05:32:13Z,v2026.5.2,objeck-windows-arm64_2026.5.2.msi,4
2026-08-24T05:32:13Z,v2026.5.2,objeck-windows-arm64_2026.5.2.zip,12
2026-08-24T05:32:13Z,v2026.5.2,objeck-windows-x64_2026.5.2.msi,4
2026-08-24T05:32:13Z,v2026.5.2,objeck-windows-x64_2026.5.2.zip,14
2026-08-24T05:32:13Z,v2026.5.3,objeck-linux-arm64_2026.5.3.tgz,5
2026-08-24T05:32:13Z,v2026.5.3,objeck-linux-x64_2026.5.3.tgz,8
2026-08-24T05:32:13Z,v2026.5.3,objeck-lsp_2026.5.3.zip,6
2026-08-24T05:32:13Z,v2026.5.3,objeck-macos-arm64_2026.5.3.pkg,13
2026-08-24T05:32:13Z,v2026.5.3,objeck-macos-arm64_2026.5.3.tgz,6
2026-08-24T05:32:13Z,v2026.5.3,objeck-windows-arm64_2026.5.3.msi,5
2026-08-24T05:32:13Z,v2026.5.3,objeck-windows-arm64_2026.5.3.zip,10
2026-08-24T05:32:13Z,v2026.5.3,objeck-windows-x64_2026.5.3.msi,6
2026-08-24T05:32:13Z,v2026.5.3,objeck-windows-x64_2026.5.3.zip,10
2026-08-24T05:32:13Z,v2026.5.4,objeck-linux-arm64_2026.5.4.tgz,5
2026-08-24T05:32:13Z,v2026.5.4,objeck-linux-x64_2026.5.4.tgz,6
2026-08-24T05:32:13Z,v2026.5.4,objeck-lsp_2026.5.4.zip,7
2026-08-24T05:32:13Z,v2026.5.4,objeck-macos-arm64_2026.5.4.pkg,5
2026-08-24T05:32:13Z,v2026.5.4,objeck-macos-arm64_2026.5.4.tgz,5
2026-08-24T05:32:13Z,v2026.5.4,objeck-windows-arm64_2026.5.4.msi,5
2026-08-24T05:32:13Z,v2026.5.4,objeck-windows-arm64_2026.5.4.zip,10
2026-08-24T05:32:13Z,v2026.5.4,objeck-windows-x64_2026.5.4.msi,6
2026-08-24T05:32:13Z,v2026.5.4,objeck-windows-x64_2026.5.4.zip,11
2026-08-24T05:32:13Z,v2026.6.0,objeck-linux-arm64_2026.6.0.tgz,5
2026-08-24T05:32:13Z,v2026.6.0,objeck-linux-x64_2026.6.0.tgz,6
2026-08-24T05:32:13Z,v2026.6.0,objeck-lsp_2026.6.0.zip,5
2026-08-24T05:32:13Z,v2026.6.0,objeck-macos-arm64_2026.6.0.pkg,5
2026-08-24T05:32:13Z,v2026.6.0,objeck-macos-arm64_2026.6.0.tgz,5
2026-08-24T05:32:13Z,v2026.6.0,objeck-windows-arm64_2026.6.0.msi,5
2026-08-24T05:32:13Z,v2026.6.0,objeck-windows-arm64_2026.6.0.zip,10
2026-08-24T05:32:13Z,v2026.6.0,objeck-windows-x64_2026.6.0.msi,5
2026-08-24T05:32:13Z,v2026.6.0,objeck-windows-x64_2026.6.0.zip,11
2026-08-24T05:32:13Z,v2026.6.1,objeck-linux-arm64_2026.6.1.tgz,9
2026-08-24T05:32:13Z,v2026.6.1,objeck-linux-x64_2026.6.1.tgz,11
2026-08-24T05:32:13Z,v2026.6.1,objeck-lsp_2026.6.1.zip,9
2026-08-24T05:32:13Z,v2026.6.1,objeck-macos-arm64_2026.6.1.pkg,9
2026-08-24T05:32:13Z,v2026.6.1,objeck-macos-arm64_2026.6.1.tgz,9
2026-08-24T05:32:13Z,v2026.6.1,objeck-windows-arm64_2026.6.1.msi,9
2026-08-24T05:32:13Z,v2026.6.1,objeck-windows-arm64_2026.6.1.zip,13
2026-08-24T05:32:13Z,v2026.6.1,objeck-windows-x64_2026.6.1.msi,9
2026-08-24T05:32:13Z,v2026.6.1,objeck-windows-x64_2026.6.1.zip,13
2026-08-24T05:32:13Z,v2026.6.2,objeck-linux-arm64_2026.6.2.tgz,6
2026-08-24T05:32:13Z,v2026.6.2,objeck-linux-x64_2026.6.2.tgz,8
2026-08-24T05:32:13Z,v2026.6.2,objeck-lsp_2026.6.2.zip,6
2026-08-24T05:32:13Z,v2026.6.2,objeck-macos-arm64_2026.6.2.pkg,6
2026-08-24T05:32:13Z,v2026.6.2,objeck-macos-arm64_2026.6.2.tgz,6
2026-08-24T05:32:13Z,v2026.6.2,objeck-windows-arm64_2026.6.2.msi,6
2026-08-24T05:32:13Z,v2026.6.2,objeck-windows-arm64_2026.6.2.zip,11
2026-08-24T05:32:13Z,v2026.6.2,objeck-windows-x64_2026.6.2.msi,6
2026-08-24T05:32:13Z,v2026.6.2,objeck-windows-x64_2026.6.2.zip,11
2026-08-24T05:32:13Z,v2026.6.3,objeck-linux-arm64_2026.6.3.tgz,6
2026-08-24T05:32:13Z,v2026.6.3,objeck-linux-x64_2026.6.3.tgz,7
2026-08-24T05:32:13Z,v2026.6.3,objeck-lsp_2026.6.3.zip,6
2026-08-24T05:32:13Z,v2026.6.3,objeck-macos-arm64_2026.6.3.pkg,6
2026-08-24T05:32:13Z,v2026.6.3,objeck-macos-arm64_2026.6.3.tgz,6
2026-08-24T05:32:13Z,v2026.6.3,objeck-windows-arm64_2026.6.3.msi,6
2026-08-24T05:32:13Z,v2026.6.3,objeck-windows-arm64_2026.6.3.zip,11
2026-08-24T05:32:13Z,v2026.6.3,objeck-windows-x64_2026.6.3.msi,6
2026-08-24T05:32:13Z,v2026.6.3,objeck-windows-x64_2026.6.3.zip,11
2026-08-24T05:32:13Z,v2026.6.4,objeck-linux-arm64_2026.6.4.tgz,7
2026-08-24T05:32:13Z,v2026.6.4,objeck-linux-x64_2026.6.4.tgz,19
2026-08-24T05:32:13Z,v2026.6.4,objeck-lsp_2026.6.4.zip,18
2026-08-24T05:32:13Z,v2026.6.4,objeck-macos-arm64_2026.6.4.pkg,10
2026-08-24T05:32:13Z,v2026.6.4,objeck-macos-arm64_2026.6.4.tgz,10
2026-08-24T05:32:13Z,v2026.6.4,objeck-windows-arm64_2026.6.4.msi,19
2026-08-24T05:32:13Z,v2026.6.4,objeck-windows-arm64_2026.6.4.zip,22
2026-08-24T05:32:13Z,v2026.6.4,objeck-windows-x64_2026.6.4.msi,22
2026-08-24T05:32:13Z,v2026.6.4,objeck-windows-x64_2026.6.4.zip,25
2026-08-24T05:32:13Z,v2026.8.2,SHA256SUMS,2
2026-08-24T05:32:13Z,v2026.8.2,objeck-linux-arm64_2026.8.2.tgz,9
2026-08-24T05:32:13Z,v2026.8.2,objeck-linux-x64_2026.8.2.tgz,11
2026-08-24T05:32:13Z,v2026.8.2,objeck-lsp_2026.8.2.zip,9
2026-08-24T05:32:13Z,v2026.8.2,objeck-macos-arm64_2026.8.2.pkg,9
2026-08-24T05:32:13Z,v2026.8.2,objeck-macos-arm64_2026.8.2.tgz,9
2026-08-24T05:32:13Z,v2026.8.2,objeck-windows-arm64_2026.8.2.msi,5
2026-08-24T05:32:13Z,v2026.8.2,objeck-windows-arm64_2026.8.2.zip,14
2026-08-24T05:32:13Z,v2026.8.2,objeck-windows-x64_2026.8.2.msi,5
2026-08-24T05:32:13Z,v2026.8.2,objeck-windows-x64_2026.8.2.zip,14
2026-08-24T05:32:13Z,v2026.8.3,SHA256SUMS,7
2026-08-24T05:32:13Z,v2026.8.3,objeck-linux-arm64_2026.8.3.tgz,9
2026-08-24T05:32:13Z,v2026.8.3,objeck-linux-x64_2026.8.3.tgz,11
2026-08-24T05:32:13Z,v2026.8.3,objeck-lsp_2026.8.3.zip,8
2026-08-24T05:32:13Z,v2026.8.3,objeck-macos-arm64_2026.8.3.pkg,8
2026-08-24T05:32:13Z,v2026.8.3,objeck-macos-arm64_2026.8.3.tgz,9
2026-08-24T05:32:13Z,v2026.8.3,objeck-windows-arm64_2026.8.3.msi,10
2026-08-24T05:32:13Z,v2026.8.3,objeck-windows-arm64_2026.8.3.zip,13
2026-08-24T05:32:13Z,v2026.8.3,objeck-windows-x64_2026.8.3.msi,12
2026-08-24T05:32:13Z,v2026.8.3,objeck-windows-x64_2026.8.3.zip,12
2026-08-24T05:32:13Z,v3.3.6-1,objeck-lang_3.3.6-1-1_amd64.deb,12
2026-08-24T05:32:13Z,v3.3.6-1,objeck-lang_3.3.6-1-1_i386.deb,9
2026-08-24T05:32:13Z,v3.3.6-1,objeck-lang_3.3.6-1-linux32.tgz,8
2026-08-24T05:32:13Z,v3.3.6-1,objeck-lang_3.3.6-1_linux64.tgz,10
2026-08-24T05:32:13Z,v3.3.6-1,objeck-lang_3.3.6-1_osx.tgz,8
2026-08-24T05:32:13Z,v3.3.6-1,objeck-lang_3.3.6-1_win32.zip,11
2026-08-24T05:32:13Z,v6.0.2,objeck-linux-amd64_6.0.2.tgz,3
2026-08-24T05:32:13Z,v6.0.2,objeck-linux-ia32_6.0.2.tgz,3
2026-08-24T05:32:13Z,v6.0.2,objeck-linux-rpi4_6.0.2.tgz,3
2026-08-24T05:32:13Z,v6.0.2,objeck-macos-arm64_6.0.2.tgz,4
2026-08-24T05:32:13Z,v6.0.2,objeck-macos-x64_6.0.2.tgz,3
2026-08-24T05:32:13Z,v6.0.2,objeck-win32_6.0.2.msi,7
2026-08-24T05:32:13Z,v6.0.2,objeck-win32_6.0.2.zip,17
2026-08-24T05:32:13Z,v6.0.2,objeck-win64_6.0.2.msi,8
2026-08-24T05:32:13Z,v6.0.2,objeck-win64_6.0.2.zip,9
2026-08-24T05:32:13Z,v6.8.1,objeck-linux-arm64_6.8.1.tgz,10
2026-08-24T05:32:13Z,v6.8.1,objeck-linux-x64_6.8.1.tgz,11
2026-08-24T05:32:13Z,v6.8.1,objeck-macos-arm64_6.8.1.tgz,10
2026-08-24T05:32:13Z,v6.8.1,objeck-macos-x64_6.8.1.tgz,10
2026-08-24T05:32:13Z,v6.8.1,objeck-windows-x64_6.8.1.msi,12
2026-08-24T05:32:13Z,v6.8.1,objeck-windows-x64_6.8.1.zip,11
2026-08-24T05:32:13Z,v6.8.2,objeck-linux-arm64_6.8.2.tgz,10
2026-08-24T05:32:13Z,v6.8.2,objeck-linux-x64_6.8.2.tgz,10
2026-08-24T05:32:13Z,v6.8.2,objeck-macos-arm64_6.8.2.tgz,9
2026-08-24T05:32:13Z,v6.8.2,objeck-macos-x64_6.8.2.tgz,8
2026-08-24T05:32:13Z,v6.8.2,objeck-windows-x64_6.8.2.msi,12
2026-08-24T05:32:13Z,v6.8.2,objeck-windows-x64_6.8.2.zip,13
2026-08-24T05:32:13Z,v6.8.2,readme.txt,5
2026-08-24T05:32:13Z,v6.8.3,objeck-linux-arm64_v6.8.3.tgz,78
2026-08-24T05:32:13Z,v6.8.3,objeck-linux-x64_v6.8.3.tgz,82
2026-08-24T05:32:13Z,v6.8.3,objeck-lsp-6.8.3.zip,81
2026-08-24T05:32:13Z,v6.8.3,objeck-macos-arm64_v6.8.3.tgz,83
2026-08-24T05:32:13Z,v6.8.3,objeck-macos-x64_v6.8.3.tgz,73
2026-08-24T05:32:13Z,v6.8.3,objeck-windows-x64_v6.8.3.msi,91
2026-08-24T05:32:13Z,v6.8.3,objeck-windows-x64_v6.8.3.zip,99
2026-08-24T05:32:13Z,v6.8.4,objeck-linux-arm64_v6.8.4.tgz,51
2026-08-24T05:32:13Z,v6.8.4,objeck-linux-x64_v6.8.4.tgz,53
2026-08-24T05:32:13Z,v6.8.4,objeck-lsp-6.8.4.zip,51
2026-08-24T05:32:13Z,v6.8.4,objeck-macos-arm64_v6.8.4.tgz,50
2026-08-24T05:32:13Z,v6.8.4,objeck-macos-x64_v6.8.4.tgz,48
2026-08-24T05:32:13Z,v6.8.4,objeck-windows-x64_v6.8.4.msi,49
2026-08-24T05:32:13Z,v6.8.4,objeck-windows-x64_v6.8.4.zip,52
2026-08-24T05:32:13Z,v6.8.5,objeck-linux-arm64_v6.8.5.tgz,9
2026-08-24T05:32:13Z,v6.8.5,objeck-linux-x64_v6.8.5.tgz,12
2026-08-24T05:32:13Z,v6.8.5,objeck-macos-arm64_v6.8.5.tgz,9
2026-08-24T05:32:13Z,v6.8.5,objeck-macos-x64_v6.8.5.tgz,10
2026-08-24T05:32:13Z,v6.8.5,objeck-windows-x64_v6.8.5.msi,12
2026-08-24T05:32:13Z,v6.8.5,objeck-windows-x64_v6.8.5.zip,12
2026-08-24T05:32:13Z,v6.8.6,objeck-linux-arm64_v6.8.6.tgz,48
2026-08-24T05:32:13Z,v6.8.6,objeck-linux-x64_v6.8.6.tgz,49
2026-08-24T05:32:13Z,v6.8.6,objeck-lsp-6.8.6.zip,52
2026-08-24T05:32:13Z,v6.8.6,objeck-macos-arm64_v6.8.6.tgz,46
2026-08-24T05:32:13Z,v6.8.6,objeck-macos-x64_v6.8.6.tgz,47
2026-08-24T05:32:13Z,v6.8.6,objeck-windows-x64_v6.8.6.msi,49
2026-08-24T05:32:13Z,v6.8.6,objeck-windows-x64_v6.8.6.zip,49
2026-08-24T05:32:13Z,v6.9.0,objeck-linux-arm64_6.9.0.tgz,3
2026-08-24T05:32:13Z,v6.9.0,objeck-linux-x64_6.9.0.tgz,4
2026-08-24T05:32:13Z,v6.9.0,objeck-lsp-6.9.0.zip,4
2026-08-24T05:32:13Z,v6.9.0,objeck-macos-arm64_6.9.0.tgz,3
2026-08-24T05:32:13Z,v6.9.0,objeck-macos-x64_6.9.0.tgz,6
2026-08-24T05:32:13Z,v6.9.0,objeck-windows-x64_6.9.0.msi,5
2026-08-24T05:32:13Z,v6.9.0,objeck-windows-x64_6.9.0.zip,6
2026-08-24T05:32:13Z,v6.9.1,objeck-linux-arm64_6.9.1.tgz,11
2026-08-24T05:32:13Z,v6.9.1,objeck-linux-x64_6.9.1.tgz,11
2026-08-24T05:32:13Z,v6.9.1,objeck-macos-arm64_6.9.1.tgz,12
2026-08-24T05:32:13Z,v6.9.1,objeck-macos-x64_6.9.1.tgz,9
2026-08-24T05:32:13Z,v6.9.1,objeck-windows-x64_6.9.1.msi,15
2026-08-24T05:32:13Z,v6.9.1,objeck-windows-x64_6.9.1.zip,20
2026-08-31T05:26:09Z,v2023.1.0,objeck-linux-arm64_2023.1.0.tgz,9
2026-08-31T05:26:09Z,v2023.1.0,objeck-linux-x64_2023.1.0.tgz,11
2026-08-31T05:26:09Z,v2023.1.0,objeck-macos-arm64_2023.1.0.tgz,12
2026-08-31T05:26:09Z,v2023.1.0,objeck-macos-x64_2023.1.0.tgz,13
2026-08-31T05:26:09Z,v2023.1.0,objeck-windows-x64_2023.1.0.msi,13
2026-08-31T05:26:09Z,v2023.1.0,objeck-windows-x64_2023.1.0.zip,14
2026-08-31T05:26:09Z,v2023.1.0,readme.txt,6
2026-08-31T05:26:09Z,v2023.1.1,objeck-linux-x64_2023.1.1.tgz,11
2026-08-31T05:26:09Z,v2023.1.1,objeck-macos-arm64_2023.1.1.tgz,11
2026-08-31T05:26:09Z,v2023.1.1,objeck-macos-x64_2023.1.1.tgz,13
2026-08-31T05:26:09Z,v2023.1.1,objeck-windows-x64_2023.1.1.msi,15
2026-08-31T05:26:09Z,v2023.1.1,objeck-windows-x64_2023.1.1.zip,12
2026-08-31T05:26:09Z,v2023.1.1,readme.txt,7
2026-08-31T05:26:09Z,v2023.1.2,objeck-linux-arm64_2023.1.2.tgz,218
2026-08-31T05:26:09Z,v2023.1.2,objeck-linux-x64_2023.1.2.tgz,204
2026-08-31T05:26:09Z,v2023.1.2,objeck-macos-arm64_2023.1.2.tgz,216
2026-08-31T05:26:09Z,v2023.1.2,objeck-macos-x64_2023.1.2.tgz,145
2026-08-31T05:26:09Z,v2023.1.2,objeck-windows-x64_2023.1.2.msi,222
2026-08-31T05:26:09Z,v2023.1.2,objeck-windows-x64_2023.1.2.zip,206
2026-08-31T05:26:09Z,v2023.10.0,objeck-linux-arm64_2023.10.0.tgz,11
2026-08-31T05:26:09Z,v2023.10.0,objeck-linux-x64_2023.10.0.tgz,10
2026-08-31T05:26:09Z,v2023.10.0,objeck-macos-arm64_2023.10.0.tgz,10
2026-08-31T05:26:09Z,v2023.10.0,objeck-windows-x64_2023.10.0.msi,14
2026-08-31T05:26:09Z,v2023.10.0,objeck-windows-x64_2023.10.0.zip,13
2026-08-31T05:26:09Z,v2023.11.0,objeck-linux-arm64_0.0.0.tgz,14
2026-08-31T05:26:09Z,v2023.11.0,objeck-linux-x64_0.0.0.tgz,12
2026-08-31T05:26:09Z,v2023.11.0,objeck-macos-arm64_0.0.0.tgz,13
2026-08-31T05:26:09Z,v2023.11.0,objeck-windows-x64_0.0.0.msi,16
2026-08-31T05:26:09Z,v2023.11.0,objeck-windows-x64_0.0.0.zip,14
2026-08-31T05:26:09Z,v2023.11.1,objeck-linux-arm64_v2023.11.1.tgz,10
2026-08-31T05:26:09Z,v2023.11.1,objeck-linux-x64_v2023.11.1.tgz,12
2026-08-31T05:26:09Z,v2023.11.1,objeck-macos-arm64_v2023.11.1.tgz,11
2026-08-31T05:26:09Z,v2023.11.1,objeck-windows-x64_v2023.11.1.msi,13
2026-08-31T05:26:09Z,v2023.11.1,objeck-windows-x64_v2023.11.1.zip,14
2026-08-31T05:26:09Z,v2023.11.2,objeck-linux-arm64_v2023.11.2.tgz,10
2026-08-31T05:26:09Z,v2023.11.2,objeck-linux-x64_v2023.11.2.tgz,10
2026-08-31T05:26:09Z,v2023.11.2,objeck-macos-arm64_v2023.11.2.tgz,11
2026-08-31T05:26:09Z,v2023.11.2,objeck-windows-x64_v2023.11.2.msi,1544
2026-08-31T05:26:09Z,v2023.11.2,objeck-windows-x64_v2023.11.2.zip,18
2026-08-31T05:26:09Z,v2023.12.0,objeck-linux-arm64_2023.12.0.tgz,9
2026-08-31T05:26:09Z,v2023.12.0,objeck-linux-x64_2023.12.0.tgz,10
2026-08-31T05:26:09Z,v2023.12.0,objeck-macos-arm64_2023.12.0.tgz,9
2026-08-31T05:26:09Z,v2023.12.0,objeck-windows-x64_2023.12.0.msi,1422
2026-08-31T05:26:09Z,v2023.12.0,objeck-windows-x64_2023.12.0.zip,14
2026-08-31T05:26:09Z,v2023.2.0,objeck-linux-arm64_2023.2.0.tgz,11
2026-08-31T05:26:09Z,v2023.2.0,objeck-linux-x64_2023.2.0.tgz,9
2026-08-31T05:26:09Z,v2023.2.0,objeck-macos-arm64_2023.2.0.tgz,12
2026-08-31T05:26:09Z,v2023.2.0,objeck-macos-x64_2023.2.0.tgz,11
2026-08-31T05:26:09Z,v2023.2.0,objeck-windows-x64_2023.2.0.msi,15
2026-08-31T05:26:09Z,v2023.2.0,objeck-windows-x64_2023.2.0.zip,13
2026-08-31T05:26:09Z,v2023.2.1,objeck-linux-arm64_2023.2.1.tgz,10
2026-08-31T05:26:09Z,v2023.2.1,objeck-linux-x64_2023.2.1.tgz,11
2026-08-31T05:26:09Z,v2023.2.1,objeck-macos-arm64_2023.2.1.tgz,11
2026-08-31T05:26:09Z,v2023.2.1,objeck-macos-x64_2023.2.1.tgz,10
2026-08-31T05:26:09Z,v2023.2.1,objeck-windows-x64_2023.2.1.msi,12
2026-08-31T05:26:09Z,v2023.2.1,objeck-windows-x64_2023.2.1.zip,14
2026-08-31T05:26:09Z,v2023.2.2,objeck-linux-arm64_2023.2.2.tgz,10
2026-08-31T05:26:09Z,v2023.2.2,objeck-linux-x64_2023.2.2.tgz,12
2026-08-31T05:26:09Z,v2023.2.2,objeck-macos-arm64_2023.2.2.tgz,10
2026-08-31T05:26:09Z,v2023.2.2,objeck-macos-x64_2023.2.2.tgz,10
2026-08-31T05:26:09Z,v2023.2.2,objeck-windows-x64_2023.2.2.msi,14
2026-08-31T05:26:09Z,v2023.2.2,objeck-windows-x64_2023.2.2.zip,13
2026-08-31T05:26:09Z,v2023.2.3,objeck-linux-arm64_2023.2.3.tgz,14
2026-08-31T05:26:09Z,v2023.2.3,objeck-linux-x64_2023.2.3.tgz,15
2026-08-31T05:26:09Z,v2023.2.3,objeck-macos-arm64_2023.2.3.tgz,13
2026-08-31T05:26:09Z,v2023.2.3,objeck-macos-x64_2023.2.3.tgz,15
2026-08-31T05:26:09Z,v2023.2.3,objeck-windows-x64_2023.2.3.msi,14
2026-08-31T05:26:09Z,v2023.2.3,objeck-windows-x64_2023.2.3.zip,16
2026-08-31T05:26:09Z,v2023.3.0,objeck-linux-arm64_2023.3.0.tgz,6
2026-08-31T05:26:09Z,v2023.3.0,objeck-linux-x64_2023.3.0.tgz,8
2026-08-31T05:26:09Z,v2023.3.0,objeck-macos-arm64_2023.3.0.tgz,6
2026-08-31T05:26:09Z,v2023.3.0,objeck-macos-x64_2023.3.0.tgz,6
2026-08-31T05:26:09Z,v2023.3.0,objeck-windows-x64_2023.3.0.msi,8
2026-08-31T05:26:09Z,v2023.3.0,objeck-windows-x64_2023.3.0.zip,9
2026-08-31T05:26:09Z,v2023.3.1,objeck-linux-arm64_2023.3.1.tgz,13
2026-08-31T05:26:09Z,v2023.3.1,objeck-linux-x64_2023.3.1.tgz,18
2026-08-31T05:26:09Z,v2023.3.1,objeck-macos-arm64_2023.3.1.tgz,16
2026-08-31T05:26:09Z,v2023.3.1,objeck-macos-x64_2023.3.1.tgz,14
2026-08-31T05:26:09Z,v2023.3.1,objeck-windows-x64_2023.3.1.msi,15
2026-08-31T05:26:09Z,v2023.3.1,objeck-windows-x64_2023.3.1.zip,19
2026-08-31T05:26:09Z,v2023.4.0,objeck-linux-arm64_2023.4.0.tgz,13
2026-08-31T05:26:09Z,v2023.4.0,objeck-linux-x64_2023.4.0.tgz,13
2026-08-31T05:26:09Z,v2023.4.0,objeck-macos-arm64_2023.4.0.tgz,13
2026-08-31T05:26:09Z,v2023.4.0,objeck-macos-x64_2023.4.0.tgz,13
2026-08-31T05:26:09Z,v2023.4.0,objeck-windows-x64_2023.4.0.msi,15
2026-08-31T05:26:09Z,v2023.4.0,objeck-windows-x64_2023.4.0.zip,179
2026-08-31T05:26:09Z,v2023.4.1,objeck-linux-arm64_2023.4.1.tgz,14
2026-08-31T05:26:09Z,v2023.4.1,objeck-linux-x64_2023.4.1.tgz,15
2026-08-31T05:26:09Z,v2023.4.1,objeck-macos-arm64_2023.4.1.tgz,14
2026-08-31T05:26:09Z,v2023.4.1,objeck-macos-x64_2023.4.1.tgz,15
2026-08-31T05:26:09Z,v2023.4.1,objeck-windows-x64_2023.4.1.msi,17
2026-08-31T05:26:09Z,v2023.4.1,objeck-windows-x64_2023.4.1.zip,22
2026-08-31T05:26:09Z,v2023.4.2,objeck-linux-arm64_2023.4.2.tgz,130
2026-08-31T05:26:09Z,v2023.4.2,objeck-linux-x64_2023.4.2.tgz,130
2026-08-31T05:26:09Z,v2023.4.2,objeck-macos-arm64_2023.4.2.tgz,129
2026-08-31T05:26:09Z,v2023.4.2,objeck-macos-x64_2023.4.2.tgz,130
2026-08-31T05:26:09Z,v2023.4.2,objeck-windows-x64_2023.4.2.msi,132
2026-08-31T05:26:09Z,v2023.4.2,objeck-windows-x64_2023.4.2.zip,137
2026-08-31T05:26:09Z,v2023.5.0,objeck-linux-arm64_2023.5.0.tgz,6
2026-08-31T05:26:09Z,v2023.5.0,objeck-linux-x64_2023.5.0.tgz,8
2026-08-31T05:26:09Z,v2023.5.0,objeck-macos-arm64_2023.5.0.tgz,7
2026-08-31T05:26:09Z,v2023.5.0,objeck-macos-x64_2023.5.0.tgz,6
2026-08-31T05:26:09Z,v2023.5.0,objeck-windows-x64_2023.5.0.msi,11
2026-08-31T05:26:09Z,v2023.5.0,objeck-windows-x64_2023.5.0.zip,13
2026-08-31T05:26:09Z,v2023.5.1,objeck-linux-arm64_2023.5.1.tgz,12
2026-08-31T05:26:09Z,v2023.5.1,objeck-linux-x64_2023.5.1.tgz,11
2026-08-31T05:26:09Z,v2023.5.1,objeck-macos-arm64_2023.5.1.tgz,12
2026-08-31T05:26:09Z,v2023.5.1,objeck-macos-x64_2023.5.1.tgz,11
2026-08-31T05:26:09Z,v2023.5.1,objeck-windows-x64_2023.5.1.msi,13
2026-08-31T05:26:09Z,v2023.5.1,objeck-windows-x64_2023.5.1.zip,15
2026-08-31T05:26:09Z,v2023.5.2,objeck-linux-arm64_2023.5.2.tgz,13
2026-08-31T05:26:09Z,v2023.5.2,objeck-linux-x64_2023.5.2.tgz,13
2026-08-31T05:26:09Z,v2023.5.2,objeck-macos-arm64_2023.5.2.tgz,12
2026-08-31T05:26:09Z,v2023.5.2,objeck-macos-x64_2023.5.2.tgz,12
2026-08-31T05:26:09Z,v2023.5.2,objeck-windows-x64_2023.5.2.msi,15
2026-08-31T05:26:09Z,v2023.5.2,objeck-windows-x64_2023.5.2.zip,16
2026-08-31T05:26:09Z,v2023.6.1,objeck-linux-arm64_2023.6.1.tgz,9
2026-08-31T05:26:09Z,v2023.6.1,objeck-linux-x64_2023.6.1.tgz,10
2026-08-31T05:26:09Z,v2023.6.1,objeck-macos-arm64_2023.6.1.tgz,9
2026-08-31T05:26:09Z,v2023.6.1,objeck-windows-x64_2023.6.1.msi,9
2026-08-31T05:26:09Z,v2023.6.1,objeck-windows-x64_2023.6.1.zip,12
2026-08-31T05:26:09Z,v2023.6.2,objeck-linux-arm64_2023.6.2.tgz,10
2026-08-31T05:26:09Z,v2023.6.2,objeck-linux-x64_2023.6.2.tgz,10
2026-08-31T05:26:09Z,v2023.6.2,objeck-macos-arm64_2023.6.2.tgz,11
2026-08-31T05:26:09Z,v2023.6.2,objeck-windows-x64_2023.6.2.msi,13
2026-08-31T05:26:09Z,v2023.6.2,objeck-windows-x64_2023.6.2.zip,15
2026-08-31T05:26:09Z,v2023.7.0,objeck-linux-arm64_2023.7.0.tgz,9
2026-08-31T05:26:09Z,v2023.7.0,objeck-linux-x64_2023.7.0.tgz,10
2026-08-31T05:26:09Z,v2023.7.0,objeck-macos-arm64_2023.7.0.tgz,9
2026-08-31T05:26:09Z,v2023.7.0,objeck-windows-x64_2023.7.0.msi,10
2026-08-31T05:26:09Z,v2023.7.0,objeck-windows-x64_2023.7.0.zip,10
2026-08-31T05:26:09Z,v2023.7.2,objeck-linux-arm64_2023.7.2.tgz,9
2026-08-31T05:26:09Z,v2023.7.2,objeck-linux-x64_2023.7.2.tgz,9
2026-08-31T05:26:09Z,v2023.7.2,objeck-macos-arm64_2023.7.2.tgz,10
2026-08-31T05:26:09Z,v2023.7.2,objeck-windows-x64_2023.7.2.msi,17
2026-08-31T05:26:09Z,v2023.7.2,objeck-windows-x64_2023.7.2.zip,18
2026-08-31T05:26:09Z,v2023.7.3,objeck-linux-arm64_2023.7.3.tgz,9
2026-08-31T05:26:09Z,v2023.7.3,objeck-linux-x64_2023.7.3.tgz,9
2026-08-31T05:26:09Z,v2023.7.3,objeck-macos-arm64_2023.7.3.tgz,10
2026-08-31T05:26:09Z,v2023.7.3,objeck-windows-x64_2023.7.3.msi,11
2026-08-31T05:26:09Z,v2023.7.3,objeck-windows-x64_2023.7.3.zip,12
2026-08-31T05:26:09Z,v2023.7.4,objeck-linux-arm64_v2023.7.4.tgz,9
2026-08-31T05:26:09Z,v2023.7.4,objeck-linux-x64_v2023.7.4.tgz,9
2026-08-31T05:26:09Z,v2023.7.4,objeck-macos-arm64_v2023.7.4.tgz,9
2026-08-31T05:26:09Z,v2023.7.4,objeck-windows-x64_v2023.7.4.msi,12
2026-08-31T05:26:09Z,v2023.7.4,objeck-windows-x64_v2023.7.4.zip,14
2026-08-31T05:26:09Z,v2023.7.5,objeck-linux-arm64_2023.7.5.tgz,9
2026-08-31T05:26:09Z,v2023.7.5,objeck-linux-x64_2023.7.5.tgz,10
2026-08-31T05:26:09Z,v2023.7.5,objeck-macos-arm64_2023.7.5.tgz,10
2026-08-31T05:26:09Z,v2023.7.5,objeck-windows-x64_2023.7.5.msi,11
2026-08-31T05:26:09Z,v2023.7.5,objeck-windows-x64_2023.7.5.zip,12
2026-08-31T05:26:09Z,v2023.8.0,objeck-linux-arm64_2023.8.0.tgz,9
2026-08-31T05:26:09Z,v2023.8.0,objeck-linux-x64_2023.8.0.tgz,9
2026-08-31T05:26:09Z,v2023.8.0,objeck-macos-arm64_2023.8.0.tgz,9
2026-08-31T05:26:09Z,v2023.8.0,objeck-windows-x64_2023.8.0.msi,15
2026-08-31T05:26:09Z,v2023.8.0,objeck-windows-x64_2023.8.0.zip,14
2026-08-31T05:26:09Z,v2023.8.1,objeck-linux-arm64_2023.8.1.tgz,9
2026-08-31T05:26:09Z,v2023.8.1,objeck-linux-x64_2023.8.1.tgz,9
2026-08-31T05:26:09Z,v2023.8.1,objeck-macos-arm64_2023.8.1.tgz,9
2026-08-31T05:26:09Z,v2023.8.1,objeck-windows-x64_2023.8.1.msi,10
2026-08-31T05:26:09Z,v2023.8.1,objeck-windows-x64_2023.8.1.zip,14
2026-08-31T05:26:09Z,v2023.8.2,objeck-linux-arm64_2023.8.2.tgz,14
2026-08-31T05:26:09Z,v2023.8.2,objeck-linux-x64_2023.8.2.tgz,11
2026-08-31T05:26:09Z,v2023.8.2,objeck-macos-arm64_2023.8.2.tgz,11
2026-08-31T05:26:09Z,v2023.8.2,objeck-windows-x64_2023.8.2.msi,12
2026-08-31T05:26:09Z,v2023.8.2,objeck-windows-x64_2023.8.2.zip,18
2026-08-31T05:26:09Z,v2023.9.1,objeck-linux-arm64_2023.9.1.tgz,13
2026-08-31T05:26:09Z,v2023.9.1,objeck-linux-x64_2023.9.1.tgz,13
2026-08-31T05:26:09Z,v2023.9.1,objeck-macos-arm64_2023.9.1.tgz,18
2026-08-31T05:26:09Z,v2023.9.1,objeck-windows-x64_2023.9.1.msi,17
2026-08-31T05:26:09Z,v2023.9.1,objeck-windows-x64_2023.9.1.zip,18
2026-08-31T05:26:09Z,v2024.10.0,objeck-linux-arm64_2024.10.0.tgz,6
2026-08-31T05:26:09Z,v2024.10.0,objeck-linux-x64_2024.10.0.tgz,12
2026-08-31T05:26:09Z,v2024.10.0,objeck-macos-arm64_2024.10.0.tgz,6
2026-08-31T05:26:09Z,v2024.10.0,objeck-windows-x64_2024.10.0.msi,7
2026-08-31T05:26:09Z,v2024.10.0,objeck-windows-x64_2024.10.0.zip,31
2026-08-31T05:26:09Z,v2024.2.0,objeck-linux-arm64_2024.2.0.tgz,10
2026-08-31T05:26:09Z,v2024.2.0,objeck-linux-x64_2024.2.0.tgz,10
2026-08-31T05:26:09Z,v2024.2.0,objeck-macos-arm64_2024.2.0.tgz,9
2026-08-31T05:26:09Z,v2024.2.0,objeck-windows-x64_2024.2.0.msi,1399
2026-08-31T05:26:09Z,v2024.2.0,objeck-windows-x64_2024.2.0.zip,12
2026-08-31T05:26:09Z,v2024.2.1,objeck-linux-arm64_2024.2.1.tgz,11
2026-08-31T05:26:09Z,v2024.2.1,objeck-linux-x64_2024.2.1.tgz,16
2026-08-31T05:26:09Z,v2024.2.1,objeck-macos-arm64_2024.2.1.tgz,10
2026-08-31T05:26:09Z,v2024.2.1,objeck-windows-x64_2024.2.1.msi,1368
2026-08-31T05:26:09Z,v2024.2.1,objeck-windows-x64_2024.2.1.zip,13
2026-08-31T05:26:09Z,v2024.3.0,objeck-linux-arm64_0.0.0.tgz,6
2026-08-31T05:26:09Z,v2024.3.0,objeck-linux-x64_0.0.0.tgz,6
2026-08-31T05:26:09Z,v2024.3.0,objeck-lsp-2024.3.0.zip,10
2026-08-31T05:26:09Z,v2024.3.0,objeck-macos-arm64_0.0.0.tgz,6
2026-08-31T05:26:09Z,v2024.3.0,objeck-windows-x64_0.0.0.msi,1317
2026-08-31T05:26:09Z,v2024.3.0,objeck-windows-x64_0.0.0.zip,11
2026-08-31T05:26:09Z,v2024.3.0,readme.txt,3
2026-08-31T05:26:09Z,v2024.4.1,objeck-linux-arm64_2024.4.1.tgz,6
2026-08-31T05:26:09Z,v2024.4.1,objeck-linux-x64_2024.4.1.tgz,6
2026-08-31T05:26:09Z,v2024.4.1,objeck-macos-arm64_2024.4.1.tgz,6
2026-08-31T05:26:09Z,v2024.4.1,objeck-windows-x64_2024.4.1.msi,1566
2026-08-31T05:26:09Z,v2024.4.1,objeck-windows-x64_2024.4.1.zip,27
2026-08-31T05:26:09Z,v2024.5.0,objeck-linux-arm64_2024.5.0.tgz,11
2026-08-31T05:26:09Z,v2024.5.0,objeck-linux-x64_2024.5.0.tgz,11
2026-08-31T05:26:09Z,v2024.5.0,objeck-macos-arm64_2024.5.0.tgz,11
2026-08-31T05:26:09Z,v2024.5.0,objeck-windows-x64_2024.5.0.msi,14
2026-08-31T05:26:09Z,v2024.5.0,objeck-windows-x64_2024.5.0.zip,15
2026-08-31T05:26:09Z,v2024.5.0,readme.txt,7
2026-08-31T05:26:09Z,v2024.6.0,objeck-linux-arm64_2024.6.0.tgz,12
2026-08-31T05:26:09Z,v2024.6.0,objeck-linux-x64_2024.6.0.tgz,12
2026-08-31T05:26:09Z,v2024.6.0,objeck-macos-arm64_2024.6.0.tgz,12
2026-08-31T05:26:09Z,v2024.6.0,objeck-windows-x64_2024.6.0.msi,16
2026-08-31T05:26:09Z,v2024.6.0,objeck-windows-x64_2024.6.0.zip,18
2026-08-31T05:26:09Z,v2024.7.1,objeck-linux-arm64_2024.7.1.tgz,10
2026-08-31T05:26:09Z,v2024.7.1,objeck-linux-x64_2024.7.1.tgz,11
2026-08-31T05:26:09Z,v2024.7.1,objeck-macos-arm64_2024.7.1.tgz,10
2026-08-31T05:26:09Z,v2024.7.1,objeck-windows-x64_2024.7.1.msi,14
2026-08-31T05:26:09Z,v2024.7.1,objeck-windows-x64_2024.7.1.zip,13
2026-08-31T05:26:09Z,v2024.8.0,objeck-linux-arm64_2024.8.0.tgz,12
2026-08-31T05:26:09Z,v2024.8.0,objeck-linux-x64_2024.8.0.tgz,8
2026-08-31T05:26:09Z,v2024.8.0,objeck-macos-arm64_2024.8.0.tgz,9
2026-08-31T05:26:09Z,v2024.8.0,objeck-windows-x64_2024.8.0.msi,8
2026-08-31T05:26:09Z,v2024.8.0,objeck-windows-x64_2024.8.0.zip,14
2026-08-31T05:26:09Z,v2024.9.0,objeck-linux-arm64_2024.9.0.tgz,11
2026-08-31T05:26:09Z,v2024.9.0,objeck-linux-x64_2024.9.0.tgz,11
2026-08-31T05:26:09Z,v2024.9.0,objeck-macos-arm64_2024.9.0.tgz,11
2026-08-31T05:26:09Z,v2024.9.0,objeck-windows-x64_2024.9.0.msi,11
2026-08-31T05:26:09Z,v2024.9.0,objeck-windows-x64_2024.9.0.zip,17
2026-08-31T05:26:09Z,v2025.1.1,objeck-linux-arm64_2025.1.1.tgz,11
2026-08-31T05:26:09Z,v2025.1.1,objeck-linux-x64_2025.1.1.tgz,12
2026-08-31T05:26:09Z,v2025.1.1,objeck-lsp-2025.1.1.zip,11
2026-08-31T05:26:09Z,v2025.1.1,objeck-windows-arm64_2025.1.1_beta.msi,7
2026-08-31T05:26:09Z,v2025.1.1,objeck-windows-arm64_2025.1.1_beta.zip,6
2026-08-31T05:26:09Z,v2025.1.1,objeck-windows-x64_2025.1.1.msi,12
2026-08-31T05:26:09Z,v2025.1.1,objeck-windows-x64_2025.1.1.zip,17
2026-08-31T05:26:09Z,v2025.2.2,objeck-linux-arm64_2025.2.2.tgz,7
2026-08-31T05:26:09Z,v2025.2.2,objeck-linux-x64_2025.2.2.tgz,12
2026-08-31T05:26:09Z,v2025.2.2,objeck-lsp-2025.2.2.zip,8
2026-08-31T05:26:09Z,v2025.2.2,objeck-macos-arm64_2025.2.2.tgz,7
2026-08-31T05:26:09Z,v2025.2.2,objeck-windows-arm64_2025.2.2.msi,7
2026-08-31T05:26:09Z,v2025.2.2,objeck-windows-arm64_2025.2.2.zip,7
2026-08-31T05:26:09Z,v2025.2.2,objeck-windows-x64_2025.2.2.msi,8
2026-08-31T05:26:09Z,v2025.2.2,objeck-windows-x64_2025.2.2.zip,9
2026-08-31T05:26:09Z,v2025.6.2,objeck-linux-arm64_v2025.6.2.tgz,16
2026-08-31T05:26:09Z,v2025.6.2,objeck-linux-x64_v2025.6.2.tgz,17
2026-08-31T05:26:09Z,v2025.6.2,objeck-lsp-2025.6.2.zip,8
2026-08-31T05:26:09Z,v2025.6.2,objeck-macos-arm64_v2025.6.2.tgz,15
2026-08-31T05:26:09Z,v2025.6.2,objeck-windows-arm64_v2025.6.2.msi,16
2026-08-31T05:26:09Z,v2025.6.2,objeck-windows-arm64_v2025.6.2.zip,15
2026-08-31T05:26:09Z,v2025.6.2,objeck-windows-x64_v2025.6.2.msi,19
2026-08-31T05:26:09Z,v2025.6.2,objeck-windows-x64_v2025.6.2.zip,18
2026-08-31T05:26:09Z,v2025.7.0,objeck-linux-arm64_v2025.7.0.tgz,18
2026-08-31T05:26:09Z,v2025.7.0,objeck-linux-x64_v2025.7.0.tgz,12
2026-08-31T05:26:09Z,v2025.7.0,objeck-lsp-2025.7.0.zip,14
2026-08-31T05:26:09Z,v2025.7.0,objeck-macos-arm64_v2025.7.0.tgz,6
2026-08-31T05:26:09Z,v2025.7.0,objeck-windows-arm64_v2025.7.0.msi,8
2026-08-31T05:26:09Z,v2025.7.0,objeck-windows-arm64_v2025.7.0.zip,8
2026-08-31T05:26:09Z,v2025.7.0,objeck-windows-x64_v2025.7.0.msi,10
2026-08-31T05:26:09Z,v2025.7.0,objeck-windows-x64_v2025.7.0.zip,19
2026-08-31T05:26:09Z,v2026.2.0,objeck-linux-x64_2026.2.0.tgz,12
2026-08-31T05:26:09Z,v2026.2.0,objeck-lsp_2026.2.0.zip,9
2026-08-31T05:26:09Z,v2026.2.0,objeck-macos-arm64_2026.2.0.tgz,6
2026-08-31T05:26:09Z,v2026.2.0,objeck-windows-arm64_2026.2.0.zip,7
2026-08-31T05:26:09Z,v2026.2.0,objeck-windows-x64_2026.2.0.msi,30
2026-08-31T05:26:09Z,v2026.2.0,objeck-windows-x64_2026.2.0.zip,10
2026-08-31T05:26:09Z,v2026.2.1,objeck-linux-arm64_2026.2.1.tgz,7
2026-08-31T05:26:09Z,v2026.2.1,objeck-linux-x64_2026.2.1.tgz,12
2026-08-31T05:26:09Z,v2026.2.1,objeck-lsp_2026.2.1.zip,7
2026-08-31T05:26:09Z,v2026.2.1,objeck-macos-arm64_2026.2.1.tgz,10
2026-08-31T05:26:09Z,v2026.2.1,objeck-windows-arm64_2026.2.1.msi,5
2026-08-31T05:26:09Z,v2026.2.1,objeck-windows-arm64_2026.2.1.zip,8
2026-08-31T05:26:09Z,v2026.2.1,objeck-windows-x64_2026.2.1.msi,8
2026-08-31T05:26:09Z,v2026.2.1,objeck-windows-x64_2026.2.1.zip,10
2026-08-31T05:26:09Z,v2026.4.0,objeck-linux-arm64_2026.4.0.tgz,9
2026-08-31T05:26:09Z,v2026.4.0,objeck-linux-x64_2026.4.0.tgz,12
2026-08-31T05:26:09Z,v2026.4.0,objeck-lsp_2026.4.0.zip,10
2026-08-31T05:26:09Z,v2026.4.0,objeck-macos-arm64_2026.4.0.pkg,13
2026-08-31T05:26:09Z,v2026.4.0,objeck-macos-arm64_2026.4.0.tgz,12
2026-08-31T05:26:09Z,v2026.4.0,objeck-windows-arm64_2026.4.0.msi,7
2026-08-31T05:26:09Z,v2026.4.0,objeck-windows-arm64_2026.4.0.zip,9
2026-08-31T05:26:09Z,v2026.4.0,objeck-windows-x64_2026.4.0.msi,8
2026-08-31T05:26:09Z,v2026.4.0,objeck-windows-x64_2026.4.0.zip,10
2026-08-31T05:26:09Z,v2026.4.1,objeck-linux-arm64_2026.4.1.tgz,10
2026-08-31T05:26:09Z,v2026.4.1,objeck-linux-x64_2026.4.1.tgz,8
2026-08-31T05:26:09Z,v2026.4.1,objeck-lsp_2026.4.1.zip,8
2026-08-31T05:26:09Z,v2026.4.1,objeck-macos-arm64_2026.4.1.pkg,9
2026-08-31T05:26:09Z,v2026.4.1,objeck-macos-arm64_2026.4.1.tgz,8
2026-08-31T05:26:09Z,v2026.4.1,objeck-windows-arm64_2026.4.1.msi,6
2026-08-31T05:26:09Z,v2026.4.1,objeck-windows-arm64_2026.4.1.zip,9
2026-08-31T05:26:09Z,v2026.4.1,objeck-windows-x64_2026.4.1.msi,6
2026-08-31T05:26:09Z,v2026.4.1,objeck-windows-x64_2026.4.1.zip,11
2026-08-31T05:26:09Z,v2026.4.2,objeck-linux-arm64_2026.4.2.tgz,9
2026-08-31T05:26:09Z,v2026.4.2,objeck-linux-x64_2026.4.2.tgz,9
2026-08-31T05:26:09Z,v2026.4.2,objeck-lsp_2026.4.2.zip,10
2026-08-31T05:26:09Z,v2026.4.2,objeck-macos-arm64_2026.4.2.pkg,10
2026-08-31T05:26:09Z,v2026.4.2,objeck-macos-arm64_2026.4.2.tgz,9
2026-08-31T05:26:09Z,v2026.4.2,objeck-windows-arm64_2026.4.2.msi,6
2026-08-31T05:26:09Z,v2026.4.2,objeck-windows-arm64_2026.4.2.zip,9
2026-08-31T05:26:09Z,v2026.4.2,objeck-windows-x64_2026.4.2.msi,6
2026-08-31T05:26:09Z,v2026.4.2,objeck-windows-x64_2026.4.2.zip,8
2026-08-31T05:26:09Z,v2026.4.3,objeck-linux-arm64_2026.4.3.tgz,6
2026-08-31T05:26:09Z,v2026.4.3,objeck-linux-x64_2026.4.3.tgz,10
2026-08-31T05:26:09Z,v2026.4.3,objeck-lsp_2026.4.3.zip,12
2026-08-31T05:26:09Z,v2026.4.3,objeck-macos-arm64_2026.4.3.pkg,9
2026-08-31T05:26:09Z,v2026.4.3,objeck-macos-arm64_2026.4.3.tgz,9
2026-08-31T05:26:09Z,v2026.4.3,objeck-windows-arm64_2026.4.3.msi,5
2026-08-31T05:26:09Z,v2026.4.3,objeck-windows-arm64_2026.4.3.zip,10
2026-08-31T05:26:09Z,v2026.4.3,objeck-windows-x64_2026.4.3.msi,7
2026-08-31T05:26:09Z,v2026.4.3,objeck-windows-x64_2026.4.3.zip,12
2026-08-31T05:26:09Z,v2026.5.2,objeck-linux-arm64_2026.5.2.tgz,10
2026-08-31T05:26:09Z,v2026.5.2,objeck-linux-x64_2026.5.2.tgz,7
2026-08-31T05:26:09Z,v2026.5.2,objeck-lsp_2026.5.2.zip,6
2026-08-31T05:26:09Z,v2026.5.2,objeck-macos-arm64_2026.5.2.pkg,7
2026-08-31T05:26:09Z,v2026.5.2,objeck-macos-arm64_2026.5.2.tgz,8
2026-08-31T05:26:09Z,v2026.5.2,objeck-windows-arm64_2026.5.2.msi,4
2026-08-31T05:26:09Z,v2026.5.2,objeck-windows-arm64_2026.5.2.zip,12
2026-08-31T05:26:09Z,v2026.5.2,objeck-windows-x64_2026.5.2.msi,4
2026-08-31T05:26:09Z,v2026.5.2,objeck-windows-x64_2026.5.2.zip,14
2026-08-31T05:26:09Z,v2026.5.3,objeck-linux-arm64_2026.5.3.tgz,5
2026-08-31T05:26:09Z,v2026.5.3,objeck-linux-x64_2026.5.3.tgz,8
2026-08-31T05:26:09Z,v2026.5.3,objeck-lsp_2026.5.3.zip,6
2026-08-31T05:26:09Z,v2026.5.3,objeck-macos-arm64_2026.5.3.pkg,13
2026-08-31T05:26:09Z,v2026.5.3,objeck-macos-arm64_2026.5.3.tgz,6
2026-08-31T05:26:09Z,v2026.5.3,objeck-windows-arm64_2026.5.3.msi,5
2026-08-31T05:26:09Z,v2026.5.3,objeck-windows-arm64_2026.5.3.zip,10
2026-08-31T05:26:09Z,v2026.5.3,objeck-windows-x64_2026.5.3.msi,6
2026-08-31T05:26:09Z,v2026.5.3,objeck-windows-x64_2026.5.3.zip,10
2026-08-31T05:26:09Z,v2026.5.4,objeck-linux-arm64_2026.5.4.tgz,5
2026-08-31T05:26:09Z,v2026.5.4,objeck-linux-x64_2026.5.4.tgz,6
2026-08-31T05:26:09Z,v2026.5.4,objeck-lsp_2026.5.4.zip,7
2026-08-31T05:26:09Z,v2026.5.4,objeck-macos-arm64_2026.5.4.pkg,5
2026-08-31T05:26:09Z,v2026.5.4,objeck-macos-arm64_2026.5.4.tgz,5
2026-08-31T05:26:09Z,v2026.5.4,objeck-windows-arm64_2026.5.4.msi,5
2026-08-31T05:26:09Z,v2026.5.4,objeck-windows-arm64_2026.5.4.zip,10
2026-08-31T05:26:09Z,v2026.5.4,objeck-windows-x64_2026.5.4.msi,6
2026-08-31T05:26:09Z,v2026.5.4,objeck-windows-x64_2026.5.4.zip,11
2026-08-31T05:26:09Z,v2026.6.0,objeck-linux-arm64_2026.6.0.tgz,5
2026-08-31T05:26:09Z,v2026.6.0,objeck-linux-x64_2026.6.0.tgz,6
2026-08-31T05:26:09Z,v2026.6.0,objeck-lsp_2026.6.0.zip,5
2026-08-31T05:26:09Z,v2026.6.0,objeck-macos-arm64_2026.6.0.pkg,5
2026-08-31T05:26:09Z,v2026.6.0,objeck-macos-arm64_2026.6.0.tgz,5
2026-08-31T05:26:09Z,v2026.6.0,objeck-windows-arm64_2026.6.0.msi,5
2026-08-31T05:26:09Z,v2026.6.0,objeck-windows-arm64_2026.6.0.zip,10
2026-08-31T05:26:09Z,v2026.6.0,objeck-windows-x64_2026.6.0.msi,5
2026-08-31T05:26:09Z,v2026.6.0,objeck-windows-x64_2026.6.0.zip,11
2026-08-31T05:26:09Z,v2026.6.1,objeck-linux-arm64_2026.6.1.tgz,9
2026-08-31T05:26:09Z,v2026.6.1,objeck-linux-x64_2026.6.1.tgz,11
2026-08-31T05:26:09Z,v2026.6.1,objeck-lsp_2026.6.1.zip,9
2026-08-31T05:26:09Z,v2026.6.1,objeck-macos-arm64_2026.6.1.pkg,9
2026-08-31T05:26:09Z,v2026.6.1,objeck-macos-arm64_2026.6.1.tgz,9
2026-08-31T05:26:09Z,v2026.6.1,objeck-windows-arm64_2026.6.1.msi,9
2026-08-31T05:26:09Z,v2026.6.1,objeck-windows-arm64_2026.6.1.zip,13
2026-08-31T05:26:09Z,v2026.6.1,objeck-windows-x64_2026.6.1.msi,9
2026-08-31T05:26:09Z,v2026.6.1,objeck-windows-x64_2026.6.1.zip,13
2026-08-31T05:26:09Z,v2026.6.2,objeck-linux-arm64_2026.6.2.tgz,6
2026-08-31T05:26:09Z,v2026.6.2,objeck-linux-x64_2026.6.2.tgz,8
2026-08-31T05:26:09Z,v2026.6.2,objeck-lsp_2026.6.2.zip,6
2026-08-31T05:26:09Z,v2026.6.2,objeck-macos-arm64_2026.6.2.pkg,6
2026-08-31T05:26:09Z,v2026.6.2,objeck-macos-arm64_2026.6.2.tgz,6
2026-08-31T05:26:09Z,v2026.6.2,objeck-windows-arm64_2026.6.2.msi,6
2026-08-31T05:26:09Z,v2026.6.2,objeck-windows-arm64_2026.6.2.zip,11
2026-08-31T05:26:09Z,v2026.6.2,objeck-windows-x64_2026.6.2.msi,6
2026-08-31T05:26:09Z,v2026.6.2,objeck-windows-x64_2026.6.2.zip,11
2026-08-31T05:26:09Z,v2026.6.3,objeck-linux-arm64_2026.6.3.tgz,6
2026-08-31T05:26:09Z,v2026.6.3,objeck-linux-x64_2026.6.3.tgz,7
2026-08-31T05:26:09Z,v2026.6.3,objeck-lsp_2026.6.3.zip,6
2026-08-31T05:26:09Z,v2026.6.3,objeck-macos-arm64_2026.6.3.pkg,6
2026-08-31T05:26:09Z,v2026.6.3,objeck-macos-arm64_2026.6.3.tgz,6
2026-08-31T05:26:09Z,v2026.6.3,objeck-windows-arm64_2026.6.3.msi,6
2026-08-31T05:26:09Z,v2026.6.3,objeck-windows-arm64_2026.6.3.zip,11
2026-08-31T05:26:09Z,v2026.6.3,objeck-windows-x64_2026.6.3.msi,6
2026-08-31T05:26:09Z,v2026.6.3,objeck-windows-x64_2026.6.3.zip,11
2026-08-31T05:26:09Z,v2026.6.4,objeck-linux-arm64_2026.6.4.tgz,7
2026-08-31T05:26:09Z,v2026.6.4,objeck-linux-x64_2026.6.4.tgz,19
2026-08-31T05:26:09Z,v2026.6.4,objeck-lsp_2026.6.4.zip,18
2026-08-31T05:26:09Z,v2026.6.4,objeck-macos-arm64_2026.6.4.pkg,10
2026-08-31T05:26:09Z,v2026.6.4,objeck-macos-arm64_2026.6.4.tgz,10
2026-08-31T05:26:09Z,v2026.6.4,objeck-windows-arm64_2026.6.4.msi,19
2026-08-31T05:26:09Z,v2026.6.4,objeck-windows-arm64_2026.6.4.zip,22
2026-08-31T05:26:09Z,v2026.6.4,objeck-windows-x64_2026.6.4.msi,22
2026-08-31T05:26:09Z,v2026.6.4,objeck-windows-x64_2026.6.4.zip,25
2026-08-31T05:26:09Z,v2026.8.2,SHA256SUMS,2
2026-08-31T05:26:09Z,v2026.8.2,objeck-linux-arm64_2026.8.2.tgz,9
2026-08-31T05:26:09Z,v2026.8.2,objeck-linux-x64_2026.8.2.tgz,11
2026-08-31T05:26:09Z,v2026.8.2,objeck-lsp_2026.8.2.zip,9
2026-08-31T05:26:09Z,v2026.8.2,objeck-macos-arm64_2026.8.2.pkg,9
2026-08-31T05:26:09Z,v2026.8.2,objeck-macos-arm64_2026.8.2.tgz,9
2026-08-31T05:26:09Z,v2026.8.2,objeck-windows-arm64_2026.8.2.msi,5
2026-08-31T05:26:09Z,v2026.8.2,objeck-windows-arm64_2026.8.2.zip,14
2026-08-31T05:26:09Z,v2026.8.2,objeck-windows-x64_2026.8.2.msi,5
2026-08-31T05:26:09Z,v2026.8.2,objeck-windows-x64_2026.8.2.zip,14
2026-08-31T05:26:09Z,v2026.8.3,SHA256SUMS,7
2026-08-31T05:26:09Z,v2026.8.3,objeck-linux-arm64_2026.8.3.tgz,9
2026-08-31T05:26:09Z,v2026.8.3,objeck-linux-x64_2026.8.3.tgz,12
2026-08-31T05:26:09Z,v2026.8.3,objeck-lsp_2026.8.3.zip,8
2026-08-31T05:26:09Z,v2026.8.3,objeck-macos-arm64_2026.8.3.pkg,8
2026-08-31T05:26:09Z,v2026.8.3,objeck-macos-arm64_2026.8.3.tgz,9
2026-08-31T05:26:09Z,v2026.8.3,objeck-windows-arm64_2026.8.3.msi,10
2026-08-31T05:26:09Z,v2026.8.3,objeck-windows-arm64_2026.8.3.zip,13
2026-08-31T05:26:09Z,v2026.8.3,objeck-windows-x64_2026.8.3.msi,19
2026-08-31T05:26:09Z,v2026.8.3,objeck-windows-x64_2026.8.3.zip,12
2026-08-31T05:26:09Z,v3.3.6-1,objeck-lang_3.3.6-1-1_amd64.deb,12
2026-08-31T05:26:09Z,v3.3.6-1,objeck-lang_3.3.6-1-1_i386.deb,9
2026-08-31T05:26:09Z,v3.3.6-1,objeck-lang_3.3.6-1-linux32.tgz,8
2026-08-31T05:26:09Z,v3.3.6-1,objeck-lang_3.3.6-1_linux64.tgz,10
2026-08-31T05:26:09Z,v3.3.6-1,objeck-lang_3.3.6-1_osx.tgz,8
2026-08-31T05:26:09Z,v3.3.6-1,objeck-lang_3.3.6-1_win32.zip,11
2026-08-31T05:26:09Z,v6.0.2,objeck-linux-amd64_6.0.2.tgz,3
2026-08-31T05:26:09Z,v6.0.2,objeck-linux-ia32_6.0.2.tgz,3
2026-08-31T05:26:09Z,v6.0.2,objeck-linux-rpi4_6.0.2.tgz,3
2026-08-31T05:26:09Z,v6.0.2,objeck-macos-arm64_6.0.2.tgz,4
2026-08-31T05:26:09Z,v6.0.2,objeck-macos-x64_6.0.2.tgz,3
2026-08-31T05:26:09Z,v6.0.2,objeck-win32_6.0.2.msi,7
2026-08-31T05:26:09Z,v6.0.2,objeck-win32_6.0.2.zip,17
2026-08-31T05:26:09Z,v6.0.2,objeck-win64_6.0.2.msi,8
2026-08-31T05:26:09Z,v6.0.2,objeck-win64_6.0.2.zip,9
2026-08-31T05:26:09Z,v6.8.1,objeck-linux-arm64_6.8.1.tgz,11
2026-08-31T05:26:09Z,v6.8.1,objeck-linux-x64_6.8.1.tgz,12
2026-08-31T05:26:09Z,v6.8.1,objeck-macos-arm64_6.8.1.tgz,11
2026-08-31T05:26:09Z,v6.8.1,objeck-macos-x64_6.8.1.tgz,11
2026-08-31T05:26:09Z,v6.8.1,objeck-windows-x64_6.8.1.msi,13
2026-08-31T05:26:09Z,v6.8.1,objeck-windows-x64_6.8.1.zip,12
2026-08-31T05:26:09Z,v6.8.2,objeck-linux-arm64_6.8.2.tgz,11
2026-08-31T05:26:09Z,v6.8.2,objeck-linux-x64_6.8.2.tgz,11
2026-08-31T05:26:09Z,v6.8.2,objeck-macos-arm64_6.8.2.tgz,10
2026-08-31T05:26:09Z,v6.8.2,objeck-macos-x64_6.8.2.tgz,9
2026-08-31T05:26:09Z,v6.8.2,objeck-windows-x64_6.8.2.msi,13
2026-08-31T05:26:09Z,v6.8.2,objeck-windows-x64_6.8.2.zip,14
2026-08-31T05:26:09Z,v6.8.2,readme.txt,6
2026-08-31T05:26:09Z,v6.8.3,objeck-linux-arm64_v6.8.3.tgz,79
2026-08-31T05:26:09Z,v6.8.3,objeck-linux-x64_v6.8.3.tgz,83
2026-08-31T05:26:09Z,v6.8.3,objeck-lsp-6.8.3.zip,82
2026-08-31T05:26:09Z,v6.8.3,objeck-macos-arm64_v6.8.3.tgz,84
2026-08-31T05:26:09Z,v6.8.3,objeck-macos-x64_v6.8.3.tgz,74
2026-08-31T05:26:09Z,v6.8.3,objeck-windows-x64_v6.8.3.msi,92
2026-08-31T05:26:09Z,v6.8.3,objeck-windows-x64_v6.8.3.zip,100
2026-08-31T05:26:09Z,v6.8.4,objeck-linux-arm64_v6.8.4.tgz,52
2026-08-31T05:26:09Z,v6.8.4,objeck-linux-x64_v6.8.4.tgz,54
2026-08-31T05:26:09Z,v6.8.4,objeck-lsp-6.8.4.zip,52
2026-08-31T05:26:09Z,v6.8.4,objeck-macos-arm64_v6.8.4.tgz,51
2026-08-31T05:26:09Z,v6.8.4,objeck-macos-x64_v6.8.4.tgz,49
2026-08-31T05:26:09Z,v6.8.4,objeck-windows-x64_v6.8.4.msi,50
2026-08-31T05:26:09Z,v6.8.4,objeck-windows-x64_v6.8.4.zip,53
2026-08-31T05:26:09Z,v6.8.5,objeck-linux-arm64_v6.8.5.tgz,9
2026-08-31T05:26:09Z,v6.8.5,objeck-linux-x64_v6.8.5.tgz,12
2026-08-31T05:26:09Z,v6.8.5,objeck-macos-arm64_v6.8.5.tgz,9
2026-08-31T05:26:09Z,v6.8.5,objeck-macos-x64_v6.8.5.tgz,10
2026-08-31T05:26:09Z,v6.8.5,objeck-windows-x64_v6.8.5.msi,12
2026-08-31T05:26:09Z,v6.8.5,objeck-windows-x64_v6.8.5.zip,12
2026-08-31T05:26:09Z,v6.8.6,objeck-linux-arm64_v6.8.6.tgz,48
2026-08-31T05:26:09Z,v6.8.6,objeck-linux-x64_v6.8.6.tgz,49
2026-08-31T05:26:09Z,v6.8.6,objeck-lsp-6.8.6.zip,52
2026-08-31T05:26:09Z,v6.8.6,objeck-macos-arm64_v6.8.6.tgz,46
2026-08-31T05:26:09Z,v6.8.6,objeck-macos-x64_v6.8.6.tgz,47
2026-08-31T05:26:09Z,v6.8.6,objeck-windows-x64_v6.8.6.msi,49
2026-08-31T05:26:09Z,v6.8.6,objeck-windows-x64_v6.8.6.zip,49
2026-08-31T05:26:09Z,v6.9.0,objeck-linux-arm64_6.9.0.tgz,3
2026-08-31T05:26:09Z,v6.9.0,objeck-linux-x64_6.9.0.tgz,4
2026-08-31T05:26:09Z,v6.9.0,objeck-lsp-6.9.0.zip,4
2026-08-31T05:26:09Z,v6.9.0,objeck-macos-arm64_6.9.0.tgz,3
2026-08-31T05:26:09Z,v6.9.0,objeck-macos-x64_6.9.0.tgz,6
2026-08-31T05:26:09Z,v6.9.0,objeck-windows-x64_6.9.0.msi,5
2026-08-31T05:26:09Z,v6.9.0,objeck-windows-x64_6.9.0.zip,6
2026-08-31T05:26:09Z,v6.9.1,objeck-linux-arm64_6.9.1.tgz,11
2026-08-31T05:26:09Z,v6.9.1,objeck-linux-x64_6.9.1.tgz,11
2026-08-31T05:26:09Z,v6.9.1,objeck-macos-arm64_6.9.1.tgz,12
2026-08-31T05:26:09Z,v6.9.1,objeck-macos-x64_6.9.1.tgz,9
2026-08-31T05:26:09Z,v6.9.1,objeck-windows-x64_6.9.1.msi,15
2026-08-31T05:26:09Z,v6.9.1,objeck-windows-x64_6.9.1.zip,20
